"fecha","encuestadora","muestra","party","percentage_points"
2023-08-04,"Atlas Intel​",9517,"Unión por la Patria",30.8
2023-08-04,"Atlas Intel​",9517,"Juntos por el Cambio",31.9
2023-08-04,"Atlas Intel​",9517,"La Libertad Avanza",20.8
2023-08-04,"Atlas Intel​",9517,"Hacemos por Nuestro Pais",4.4
2023-08-04,"Atlas Intel​",9517,"Frente de Izquierda",3.4
2023-08-04,"Atlas Intel​",9517,"Otros - Blanco - Indecisos",8.8
2023-08-03,"Federico González & Asociados​",2400,"Unión por la Patria",30.1
2023-08-03,"Federico González & Asociados​",2400,"Juntos por el Cambio",36.4
2023-08-03,"Federico González & Asociados​",2400,"La Libertad Avanza",19.5
2023-08-03,"Federico González & Asociados​",2400,"Hacemos por Nuestro Pais",3.2
2023-08-03,"Federico González & Asociados​",2400,"Frente de Izquierda",2.5
2023-08-03,"Federico González & Asociados​",2400,"Otros - Blanco - Indecisos",8.1
2023-08-02,"Opina Argentina​",1404,"Unión por la Patria",31
2023-08-02,"Opina Argentina​",1404,"Juntos por el Cambio",32
2023-08-02,"Opina Argentina​",1404,"La Libertad Avanza",20
2023-08-02,"Opina Argentina​",1404,"Hacemos por Nuestro Pais",3
2023-08-02,"Opina Argentina​",1404,"Frente de Izquierda",4
2023-08-02,"Opina Argentina​",1404,"Otros - Blanco - Indecisos",10
2023-08-01,"Opinión Pública Servicios y Mercados​",1200,"Unión por la Patria",29.9
2023-08-01,"Opinión Pública Servicios y Mercados​",1200,"Juntos por el Cambio",35.6
2023-08-01,"Opinión Pública Servicios y Mercados​",1200,"La Libertad Avanza",17.5
2023-08-01,"Opinión Pública Servicios y Mercados​",1200,"Hacemos por Nuestro Pais",2.8
2023-08-01,"Opinión Pública Servicios y Mercados​",1200,"Frente de Izquierda",5.4
2023-08-01,"Opinión Pública Servicios y Mercados​",1200,"Otros - Blanco - Indecisos",6.6
2023-07-31,"Giacobbe & Asociados​",2500,"Unión por la Patria",32.2
2023-07-31,"Giacobbe & Asociados​",2500,"Juntos por el Cambio",38
2023-07-31,"Giacobbe & Asociados​",2500,"La Libertad Avanza",18.8
2023-07-31,"Giacobbe & Asociados​",2500,"Hacemos por Nuestro Pais",2.6
2023-07-31,"Giacobbe & Asociados​",2500,"Frente de Izquierda",2.6
2023-07-31,"Giacobbe & Asociados​",2500,"Otros - Blanco - Indecisos",5.8
2023-07-31,"Proyección Consultores​​",2130,"Unión por la Patria",31.1
2023-07-31,"Proyección Consultores​​",2130,"Juntos por el Cambio",34.3
2023-07-31,"Proyección Consultores​​",2130,"La Libertad Avanza",19.1
2023-07-31,"Proyección Consultores​​",2130,"Hacemos por Nuestro Pais",2.4
2023-07-31,"Proyección Consultores​​",2130,"Frente de Izquierda",2.2
2023-07-31,"Proyección Consultores​​",2130,"Otros - Blanco - Indecisos",10.9
2023-07-29,"CB Consultora​",1985,"Unión por la Patria",30.4
2023-07-29,"CB Consultora​",1985,"Juntos por el Cambio",33
2023-07-29,"CB Consultora​",1985,"La Libertad Avanza",20.3
2023-07-29,"CB Consultora​",1985,"Hacemos por Nuestro Pais",4.9
2023-07-29,"CB Consultora​",1985,"Frente de Izquierda",1.5
2023-07-29,"CB Consultora​",1985,"Otros - Blanco - Indecisos",9.9
2023-07-29,"CIGP​",1602,"Unión por la Patria",31.2
2023-07-29,"CIGP​",1602,"Juntos por el Cambio",36.5
2023-07-29,"CIGP​",1602,"La Libertad Avanza",13.8
2023-07-29,"CIGP​",1602,"Hacemos por Nuestro Pais",NA
2023-07-29,"CIGP​",1602,"Frente de Izquierda",2.8
2023-07-29,"CIGP​",1602,"Otros - Blanco - Indecisos",15.7
2023-07-29,"Hugo Haime Consultora​",NA,"Unión por la Patria",32.1
2023-07-29,"Hugo Haime Consultora​",NA,"Juntos por el Cambio",32.5
2023-07-29,"Hugo Haime Consultora​",NA,"La Libertad Avanza",22
2023-07-29,"Hugo Haime Consultora​",NA,"Hacemos por Nuestro Pais",4.3
2023-07-29,"Hugo Haime Consultora​",NA,"Frente de Izquierda",2.4
2023-07-29,"Hugo Haime Consultora​",NA,"Otros - Blanco - Indecisos",6
2023-07-29,"Hugo Haime Consultora​",NA,"Unión por la Patria",32.8
2023-07-29,"Hugo Haime Consultora​",NA,"Juntos por el Cambio",28.1
2023-07-29,"Hugo Haime Consultora​",NA,"La Libertad Avanza",23.3
2023-07-29,"Hugo Haime Consultora​",NA,"Hacemos por Nuestro Pais",4.2
2023-07-29,"Hugo Haime Consultora​",NA,"Frente de Izquierda",3.3
2023-07-29,"Hugo Haime Consultora​",NA,"Otros - Blanco - Indecisos",8
2023-07-29,"Hugo Haime Consultora​",NA,"Unión por la Patria",32.3
2023-07-29,"Hugo Haime Consultora​",NA,"Juntos por el Cambio",27.8
2023-07-29,"Hugo Haime Consultora​",NA,"La Libertad Avanza",24.4
2023-07-29,"Hugo Haime Consultora​",NA,"Hacemos por Nuestro Pais",5.4
2023-07-29,"Hugo Haime Consultora​",NA,"Frente de Izquierda",2.5
2023-07-29,"Hugo Haime Consultora​",NA,"Otros - Blanco - Indecisos",7.2
2023-07-27,"Circuitos​",2180,"Unión por la Patria",30.1
2023-07-27,"Circuitos​",2180,"Juntos por el Cambio",34.8
2023-07-27,"Circuitos​",2180,"La Libertad Avanza",16.7
2023-07-27,"Circuitos​",2180,"Hacemos por Nuestro Pais",1.9
2023-07-27,"Circuitos​",2180,"Frente de Izquierda",3.7
2023-07-27,"Circuitos​",2180,"Otros - Blanco - Indecisos",12.8
2023-07-27,"Management & Fit​",1800,"Unión por la Patria",31.7
2023-07-27,"Management & Fit​",1800,"Juntos por el Cambio",34.7
2023-07-27,"Management & Fit​",1800,"La Libertad Avanza",17
2023-07-27,"Management & Fit​",1800,"Hacemos por Nuestro Pais",6.6
2023-07-27,"Management & Fit​",1800,"Frente de Izquierda",4.4
2023-07-27,"Management & Fit​",1800,"Otros - Blanco - Indecisos",4.8
2023-07-23,"CEOP​",1167,"Unión por la Patria",28.5
2023-07-23,"CEOP​",1167,"Juntos por el Cambio",30.3
2023-07-23,"CEOP​",1167,"La Libertad Avanza",19.1
2023-07-23,"CEOP​",1167,"Hacemos por Nuestro Pais",0.8
2023-07-23,"CEOP​",1167,"Frente de Izquierda",1.6
2023-07-23,"CEOP​",1167,"Otros - Blanco - Indecisos",15.9
2023-07-25,"Políticos en Redes​",2237,"Unión por la Patria",25.2
2023-07-25,"Políticos en Redes​",2237,"Juntos por el Cambio",31.2
2023-07-25,"Políticos en Redes​",2237,"La Libertad Avanza",23
2023-07-25,"Políticos en Redes​",2237,"Hacemos por Nuestro Pais",1.8
2023-07-25,"Políticos en Redes​",2237,"Frente de Izquierda",2.5
2023-07-25,"Políticos en Redes​",2237,"Otros - Blanco - Indecisos",16.3
2023-07-21,"Federico González & Asociados​",2400,"Unión por la Patria",28
2023-07-21,"Federico González & Asociados​",2400,"Juntos por el Cambio",34.2
2023-07-21,"Federico González & Asociados​",2400,"La Libertad Avanza",17.7
2023-07-21,"Federico González & Asociados​",2400,"Hacemos por Nuestro Pais",3.2
2023-07-21,"Federico González & Asociados​",2400,"Frente de Izquierda",2.4
2023-07-21,"Federico González & Asociados​",2400,"Otros - Blanco - Indecisos",14.5
2023-07-21,"Nueva Comunicación​",1780,"Unión por la Patria",28
2023-07-21,"Nueva Comunicación​",1780,"Juntos por el Cambio",29
2023-07-21,"Nueva Comunicación​",1780,"La Libertad Avanza",19
2023-07-21,"Nueva Comunicación​",1780,"Hacemos por Nuestro Pais",3
2023-07-21,"Nueva Comunicación​",1780,"Frente de Izquierda",4
2023-07-21,"Nueva Comunicación​",1780,"Otros - Blanco - Indecisos",17
2023-07-21,"UdeSA​",1003,"Unión por la Patria",20.7
2023-07-21,"UdeSA​",1003,"Juntos por el Cambio",23.7
2023-07-21,"UdeSA​",1003,"La Libertad Avanza",15.9
2023-07-21,"UdeSA​",1003,"Hacemos por Nuestro Pais",6
2023-07-21,"UdeSA​",1003,"Frente de Izquierda",4.4
2023-07-21,"UdeSA​",1003,"Otros - Blanco - Indecisos",29.3
2023-07-21,"UdeSA​",1003,"Unión por la Patria",20.6
2023-07-21,"UdeSA​",1003,"Juntos por el Cambio",18.5
2023-07-21,"UdeSA​",1003,"La Libertad Avanza",18.5
2023-07-21,"UdeSA​",1003,"Hacemos por Nuestro Pais",6
2023-07-21,"UdeSA​",1003,"Frente de Izquierda",4.4
2023-07-21,"UdeSA​",1003,"Otros - Blanco - Indecisos",31.8
2023-07-21,"UdeSA​",1003,"Unión por la Patria",19
2023-07-21,"UdeSA​",1003,"Juntos por el Cambio",23
2023-07-21,"UdeSA​",1003,"La Libertad Avanza",12
2023-07-21,"UdeSA​",1003,"Hacemos por Nuestro Pais",3
2023-07-21,"UdeSA​",1003,"Frente de Izquierda",4
2023-07-21,"UdeSA​",1003,"Otros - Blanco - Indecisos",41
2023-07-19,"Atlas Intel​",4848,"Unión por la Patria",33.8
2023-07-19,"Atlas Intel​",4848,"Juntos por el Cambio",33.8
2023-07-19,"Atlas Intel​",4848,"La Libertad Avanza",20.1
2023-07-19,"Atlas Intel​",4848,"Hacemos por Nuestro Pais",3.4
2023-07-19,"Atlas Intel​",4848,"Frente de Izquierda",2.6
2023-07-19,"Atlas Intel​",4848,"Otros - Blanco - Indecisos",4.9
2023-07-19,"Atlas Intel​",4848,"Unión por la Patria",32.4
2023-07-19,"Atlas Intel​",4848,"Juntos por el Cambio",29
2023-07-19,"Atlas Intel​",4848,"La Libertad Avanza",23.4
2023-07-19,"Atlas Intel​",4848,"Hacemos por Nuestro Pais",4.2
2023-07-19,"Atlas Intel​",4848,"Frente de Izquierda",4.3
2023-07-19,"Atlas Intel​",4848,"Otros - Blanco - Indecisos",6.1
2023-07-19,"Atlas Intel​",4848,"Unión por la Patria",31.9
2023-07-19,"Atlas Intel​",4848,"Juntos por el Cambio",23.5
2023-07-19,"Atlas Intel​",4848,"La Libertad Avanza",25.2
2023-07-19,"Atlas Intel​",4848,"Hacemos por Nuestro Pais",4.1
2023-07-19,"Atlas Intel​",4848,"Frente de Izquierda",4.1
2023-07-19,"Atlas Intel​",4848,"Otros - Blanco - Indecisos",7.6
2023-07-18,"Opinaia​",2000,"Unión por la Patria",22
2023-07-18,"Opinaia​",2000,"Juntos por el Cambio",30
2023-07-18,"Opinaia​",2000,"La Libertad Avanza",22
2023-07-18,"Opinaia​",2000,"Hacemos por Nuestro Pais",4
2023-07-18,"Opinaia​",2000,"Frente de Izquierda",4
2023-07-18,"Opinaia​",2000,"Otros - Blanco - Indecisos",18
2023-07-12,"UNLaM​",2510,"Unión por la Patria",31.4
2023-07-12,"UNLaM​",2510,"Juntos por el Cambio",33.9
2023-07-12,"UNLaM​",2510,"La Libertad Avanza",18.1
2023-07-12,"UNLaM​",2510,"Hacemos por Nuestro Pais",1.3
2023-07-12,"UNLaM​",2510,"Frente de Izquierda",2
2023-07-12,"UNLaM​",2510,"Otros - Blanco - Indecisos",13.3
2023-07-12,"Equipo_Mide​",2236,"Unión por la Patria",27
2023-07-12,"Equipo_Mide​",2236,"Juntos por el Cambio",33
2023-07-12,"Equipo_Mide​",2236,"La Libertad Avanza",26
2023-07-12,"Equipo_Mide​",2236,"Hacemos por Nuestro Pais",3
2023-07-12,"Equipo_Mide​",2236,"Frente de Izquierda",2
2023-07-12,"Equipo_Mide​",2236,"Otros - Blanco - Indecisos",9
2023-07-11,"Taquion​",2419,"Unión por la Patria",25.1
2023-07-11,"Taquion​",2419,"Juntos por el Cambio",29.5
2023-07-11,"Taquion​",2419,"La Libertad Avanza",18
2023-07-11,"Taquion​",2419,"Hacemos por Nuestro Pais",3
2023-07-11,"Taquion​",2419,"Frente de Izquierda",2.3
2023-07-11,"Taquion​",2419,"Otros - Blanco - Indecisos",22.2
2023-07-07,"Patagonia​",NA,"Unión por la Patria",32.3
2023-07-07,"Patagonia​",NA,"Juntos por el Cambio",32.7
2023-07-07,"Patagonia​",NA,"La Libertad Avanza",15.8
2023-07-07,"Patagonia​",NA,"Hacemos por Nuestro Pais",3.7
2023-07-07,"Patagonia​",NA,"Frente de Izquierda",5.9
2023-07-07,"Patagonia​",NA,"Otros - Blanco - Indecisos",9.6
2023-07-07,"IPD​",1600,"Unión por la Patria",32
2023-07-07,"IPD​",1600,"Juntos por el Cambio",36
2023-07-07,"IPD​",1600,"La Libertad Avanza",17
2023-07-07,"IPD​",1600,"Hacemos por Nuestro Pais",1
2023-07-07,"IPD​",1600,"Frente de Izquierda",4
2023-07-07,"IPD​",1600,"Otros - Blanco - Indecisos",10
2023-07-07,"Opina Argentina​",1404,"Unión por la Patria",29
2023-07-07,"Opina Argentina​",1404,"Juntos por el Cambio",30
2023-07-07,"Opina Argentina​",1404,"La Libertad Avanza",22
2023-07-07,"Opina Argentina​",1404,"Hacemos por Nuestro Pais",3
2023-07-07,"Opina Argentina​",1404,"Frente de Izquierda",4
2023-07-07,"Opina Argentina​",1404,"Otros - Blanco - Indecisos",11
2023-07-06,"Federico González & Asociados​",2400,"Unión por la Patria",28.8
2023-07-06,"Federico González & Asociados​",2400,"Juntos por el Cambio",33.8
2023-07-06,"Federico González & Asociados​",2400,"La Libertad Avanza",17.1
2023-07-06,"Federico González & Asociados​",2400,"Hacemos por Nuestro Pais",1.9
2023-07-06,"Federico González & Asociados​",2400,"Frente de Izquierda",3.4
2023-07-06,"Federico González & Asociados​",2400,"Otros - Blanco - Indecisos",15
2023-07-06,"Zuban Córdoba & Asociados​",1280,"Unión por la Patria",27.1
2023-07-06,"Zuban Córdoba & Asociados​",1280,"Juntos por el Cambio",29.7
2023-07-06,"Zuban Córdoba & Asociados​",1280,"La Libertad Avanza",24.5
2023-07-06,"Zuban Córdoba & Asociados​",1280,"Hacemos por Nuestro Pais",3.5
2023-07-06,"Zuban Córdoba & Asociados​",1280,"Frente de Izquierda",2.3
2023-07-06,"Zuban Córdoba & Asociados​",1280,"Otros - Blanco - Indecisos",13
2023-07-05,"Clivajes Consultores​",1570,"Unión por la Patria",30.5
2023-07-05,"Clivajes Consultores​",1570,"Juntos por el Cambio",33.9
2023-07-05,"Clivajes Consultores​",1570,"La Libertad Avanza",18.4
2023-07-05,"Clivajes Consultores​",1570,"Hacemos por Nuestro Pais",2.6
2023-07-05,"Clivajes Consultores​",1570,"Frente de Izquierda",3.4
2023-07-05,"Clivajes Consultores​",1570,"Otros - Blanco - Indecisos",11.2
2023-07-02,"Giacobbe & Asociados​​​",2500,"Unión por la Patria",28.2
2023-07-02,"Giacobbe & Asociados​​​",2500,"Juntos por el Cambio",19.8
2023-07-02,"Giacobbe & Asociados​​​",2500,"La Libertad Avanza",28.3
2023-07-02,"Giacobbe & Asociados​​​",2500,"Hacemos por Nuestro Pais",1.9
2023-07-02,"Giacobbe & Asociados​​​",2500,"Frente de Izquierda",2.5
2023-07-02,"Giacobbe & Asociados​​​",2500,"Otros - Blanco - Indecisos",18
2023-07-02,"Giacobbe & Asociados​​​",2500,"Unión por la Patria",28.5
2023-07-02,"Giacobbe & Asociados​​​",2500,"Juntos por el Cambio",33.2
2023-07-02,"Giacobbe & Asociados​​​",2500,"La Libertad Avanza",22.3
2023-07-02,"Giacobbe & Asociados​​​",2500,"Hacemos por Nuestro Pais",1
2023-07-02,"Giacobbe & Asociados​​​",2500,"Frente de Izquierda",1
2023-07-02,"Giacobbe & Asociados​​​",2500,"Otros - Blanco - Indecisos",13.6
2023-07-02,"Giacobbe & Asociados​​​",2500,"Unión por la Patria",28.5
2023-07-02,"Giacobbe & Asociados​​​",2500,"Juntos por el Cambio",32.3
2023-07-02,"Giacobbe & Asociados​​​",2500,"La Libertad Avanza",21.9
2023-07-02,"Giacobbe & Asociados​​​",2500,"Hacemos por Nuestro Pais",0.6
2023-07-02,"Giacobbe & Asociados​​​",2500,"Frente de Izquierda",1.7
2023-07-02,"Giacobbe & Asociados​​​",2500,"Otros - Blanco - Indecisos",15
2023-06-14,"Marketing & Estadística​",NA,"Unión por la Patria",30
2023-06-14,"Marketing & Estadística​",NA,"Juntos por el Cambio",38
2023-06-14,"Marketing & Estadística​",NA,"La Libertad Avanza",20
2023-06-14,"Marketing & Estadística​",NA,"Hacemos por Nuestro Pais",2
2023-06-14,"Marketing & Estadística​",NA,"Frente de Izquierda",1
2023-06-14,"Marketing & Estadística​",NA,"Otros - Blanco - Indecisos",9
2023-06-30,"Analogías​",2569,"Unión por la Patria",32.3
2023-06-30,"Analogías​",2569,"Juntos por el Cambio",32.8
2023-06-30,"Analogías​",2569,"La Libertad Avanza",17.8
2023-06-30,"Analogías​",2569,"Hacemos por Nuestro Pais",2.1
2023-06-30,"Analogías​",2569,"Frente de Izquierda",1.2
2023-06-30,"Analogías​",2569,"Otros - Blanco - Indecisos",12.7
2023-06-30,"Observatorio Electoral Consultores​",1680,"Unión por la Patria",28
2023-06-30,"Observatorio Electoral Consultores​",1680,"Juntos por el Cambio",40
2023-06-30,"Observatorio Electoral Consultores​",1680,"La Libertad Avanza",15
2023-06-30,"Observatorio Electoral Consultores​",1680,"Hacemos por Nuestro Pais",2
2023-06-30,"Observatorio Electoral Consultores​",1680,"Frente de Izquierda",2
2023-06-30,"Observatorio Electoral Consultores​",1680,"Otros - Blanco - Indecisos",13
2023-06-29,"Opinaia​",1300,"Unión por la Patria",24
2023-06-29,"Opinaia​",1300,"Juntos por el Cambio",32
2023-06-29,"Opinaia​",1300,"La Libertad Avanza",19
2023-06-29,"Opinaia​",1300,"Hacemos por Nuestro Pais",3
2023-06-29,"Opinaia​",1300,"Frente de Izquierda",3
2023-06-29,"Opinaia​",1300,"Otros - Blanco - Indecisos",19
2023-06-28,"Proyección Consultores​",NA,"Unión por la Patria",32.8
2023-06-28,"Proyección Consultores​",NA,"Juntos por el Cambio",34.7
2023-06-28,"Proyección Consultores​",NA,"La Libertad Avanza",18.8
2023-06-28,"Proyección Consultores​",NA,"Hacemos por Nuestro Pais",0.9
2023-06-28,"Proyección Consultores​",NA,"Frente de Izquierda",1.7
2023-06-28,"Proyección Consultores​",NA,"Otros - Blanco - Indecisos",11.1
2023-06-28,"Inteligencia Analítica​",5285,"Unión por la Patria",29.5
2023-06-28,"Inteligencia Analítica​",5285,"Juntos por el Cambio",28.1
2023-06-28,"Inteligencia Analítica​",5285,"La Libertad Avanza",25.8
2023-06-28,"Inteligencia Analítica​",5285,"Hacemos por Nuestro Pais",3.2
2023-06-28,"Inteligencia Analítica​",5285,"Frente de Izquierda",2.5
2023-06-28,"Inteligencia Analítica​",5285,"Otros - Blanco - Indecisos",10.9
2023-06-28,"Inteligencia Analítica​",5285,"Unión por la Patria",28.5
2023-06-28,"Inteligencia Analítica​",5285,"Juntos por el Cambio",32.2
2023-06-28,"Inteligencia Analítica​",5285,"La Libertad Avanza",22.1
2023-06-28,"Inteligencia Analítica​",5285,"Hacemos por Nuestro Pais",3.6
2023-06-28,"Inteligencia Analítica​",5285,"Frente de Izquierda",3.2
2023-06-28,"Inteligencia Analítica​",5285,"Otros - Blanco - Indecisos",10.4
2023-06-28,"Inteligencia Analítica​",5285,"Unión por la Patria",29.8
2023-06-28,"Inteligencia Analítica​",5285,"Juntos por el Cambio",34.3
2023-06-28,"Inteligencia Analítica​",5285,"La Libertad Avanza",19.6
2023-06-28,"Inteligencia Analítica​",5285,"Hacemos por Nuestro Pais",2.5
2023-06-28,"Inteligencia Analítica​",5285,"Frente de Izquierda",2.2
2023-06-28,"Inteligencia Analítica​",5285,"Otros - Blanco - Indecisos",11.6
2023-06-27,"CB Consultora​",2856,"Unión por la Patria",29.1
2023-06-27,"CB Consultora​",2856,"Juntos por el Cambio",33.8
2023-06-27,"CB Consultora​",2856,"La Libertad Avanza",17.2
2023-06-27,"CB Consultora​",2856,"Hacemos por Nuestro Pais",3.3
2023-06-27,"CB Consultora​",2856,"Frente de Izquierda",1.6
2023-06-27,"CB Consultora​",2856,"Otros - Blanco - Indecisos",15
2023-06-16,"Proyección Consultores​",NA,"Unión por la Patria",31.2
2023-06-16,"Proyección Consultores​",NA,"Juntos por el Cambio",33.1
2023-06-16,"Proyección Consultores​",NA,"La Libertad Avanza",18.9
2023-06-16,"Proyección Consultores​",NA,"Hacemos por Nuestro Pais",NA
2023-06-16,"Proyección Consultores​",NA,"Frente de Izquierda",1.7
2023-06-16,"Proyección Consultores​",NA,"Otros - Blanco - Indecisos",15.1
2023-06-14,"Opinaia​",2000,"Unión por la Patria",22
2023-06-14,"Opinaia​",2000,"Juntos por el Cambio",29
2023-06-14,"Opinaia​",2000,"La Libertad Avanza",21
2023-06-14,"Opinaia​",2000,"Hacemos por Nuestro Pais",6
2023-06-14,"Opinaia​",2000,"Frente de Izquierda",1
2023-06-14,"Opinaia​",2000,"Otros - Blanco - Indecisos",20
2023-06-12,"Synopsis​",1663,"Unión por la Patria",25
2023-06-12,"Synopsis​",1663,"Juntos por el Cambio",29
2023-06-12,"Synopsis​",1663,"La Libertad Avanza",20
2023-06-12,"Synopsis​",1663,"Hacemos por Nuestro Pais",6
2023-06-12,"Synopsis​",1663,"Frente de Izquierda",5
2023-06-12,"Synopsis​",1663,"Otros - Blanco - Indecisos",15
2023-06-09,"Taquion​",2520,"Unión por la Patria",28.2
2023-06-09,"Taquion​",2520,"Juntos por el Cambio",37.1
2023-06-09,"Taquion​",2520,"La Libertad Avanza",24.3
2023-06-09,"Taquion​",2520,"Hacemos por Nuestro Pais",6.7
2023-06-09,"Taquion​",2520,"Frente de Izquierda",3.7
2023-06-09,"Taquion​",2520,"Otros - Blanco - Indecisos",0
2023-06-09,"Taquion​",2520,"Unión por la Patria",20.7
2023-06-09,"Taquion​",2520,"Juntos por el Cambio",27.3
2023-06-09,"Taquion​",2520,"La Libertad Avanza",17.9
2023-06-09,"Taquion​",2520,"Hacemos por Nuestro Pais",4.9
2023-06-09,"Taquion​",2520,"Frente de Izquierda",2.7
2023-06-09,"Taquion​",2520,"Otros - Blanco - Indecisos",26.4
2023-06-06,"Management & Fit​",1800,"Unión por la Patria",29.5
2023-06-06,"Management & Fit​",1800,"Juntos por el Cambio",33.5
2023-06-06,"Management & Fit​",1800,"La Libertad Avanza",17.1
2023-06-06,"Management & Fit​",1800,"Hacemos por Nuestro Pais",9.5
2023-06-06,"Management & Fit​",1800,"Frente de Izquierda",3.8
2023-06-06,"Management & Fit​",1800,"Otros - Blanco - Indecisos",3.8
2023-06-06,"Management & Fit​",1800,"Unión por la Patria",28.7
2023-06-06,"Management & Fit​",1800,"Juntos por el Cambio",33.7
2023-06-06,"Management & Fit​",1800,"La Libertad Avanza",16.9
2023-06-06,"Management & Fit​",1800,"Hacemos por Nuestro Pais",10.5
2023-06-06,"Management & Fit​",1800,"Frente de Izquierda",4
2023-06-06,"Management & Fit​",1800,"Otros - Blanco - Indecisos",4.3
2023-06-06,"Management & Fit​",1800,"Unión por la Patria",30.1
2023-06-06,"Management & Fit​",1800,"Juntos por el Cambio",32.2
2023-06-06,"Management & Fit​",1800,"La Libertad Avanza",15.3
2023-06-06,"Management & Fit​",1800,"Hacemos por Nuestro Pais",7.9
2023-06-06,"Management & Fit​",1800,"Frente de Izquierda",4.6
2023-06-06,"Management & Fit​",1800,"Otros - Blanco - Indecisos",9.8
2023-06-14,"Fixer​",NA,"Unión por la Patria",27
2023-06-14,"Fixer​",NA,"Juntos por el Cambio",35
2023-06-14,"Fixer​",NA,"La Libertad Avanza",18
2023-06-14,"Fixer​",NA,"Hacemos por Nuestro Pais",3
2023-06-14,"Fixer​",NA,"Frente de Izquierda",2
2023-06-14,"Fixer​",NA,"Otros - Blanco - Indecisos",13
2023-06-05,"Consultora Tendencias​",2506,"Unión por la Patria",22.8
2023-06-05,"Consultora Tendencias​",2506,"Juntos por el Cambio",23.1
2023-06-05,"Consultora Tendencias​",2506,"La Libertad Avanza",19.8
2023-06-05,"Consultora Tendencias​",2506,"Hacemos por Nuestro Pais",2.6
2023-06-05,"Consultora Tendencias​",2506,"Frente de Izquierda",6.8
2023-06-05,"Consultora Tendencias​",2506,"Otros - Blanco - Indecisos",24.9
2023-06-05,"Aresco​",4000,"Unión por la Patria",24.9
2023-06-05,"Aresco​",4000,"Juntos por el Cambio",25.9
2023-06-05,"Aresco​",4000,"La Libertad Avanza",27.7
2023-06-05,"Aresco​",4000,"Hacemos por Nuestro Pais",5.8
2023-06-05,"Aresco​",4000,"Frente de Izquierda",3
2023-06-05,"Aresco​",4000,"Otros - Blanco - Indecisos",12.7
2023-06-05,"Aresco​",4000,"Unión por la Patria",24.2
2023-06-05,"Aresco​",4000,"Juntos por el Cambio",26.5
2023-06-05,"Aresco​",4000,"La Libertad Avanza",24.2
2023-06-05,"Aresco​",4000,"Hacemos por Nuestro Pais",5.3
2023-06-05,"Aresco​",4000,"Frente de Izquierda",3.6
2023-06-05,"Aresco​",4000,"Otros - Blanco - Indecisos",16.2
2023-06-05,"Aresco​",4000,"Unión por la Patria",30.3
2023-06-05,"Aresco​",4000,"Juntos por el Cambio",32.6
2023-06-05,"Aresco​",4000,"La Libertad Avanza",25.5
2023-06-05,"Aresco​",4000,"Hacemos por Nuestro Pais",3.3
2023-06-05,"Aresco​",4000,"Frente de Izquierda",2.2
2023-06-05,"Aresco​",4000,"Otros - Blanco - Indecisos",6.1
2023-06-05,"Aresco​",4000,"Unión por la Patria",27.4
2023-06-05,"Aresco​",4000,"Juntos por el Cambio",29.1
2023-06-05,"Aresco​",4000,"La Libertad Avanza",27.6
2023-06-05,"Aresco​",4000,"Hacemos por Nuestro Pais",2.6
2023-06-05,"Aresco​",4000,"Frente de Izquierda",1.5
2023-06-05,"Aresco​",4000,"Otros - Blanco - Indecisos",11.8
2023-06-01,"Zuban Córdoba & Asociados​",1300,"Unión por la Patria",31.3
2023-06-01,"Zuban Córdoba & Asociados​",1300,"Juntos por el Cambio",29.3
2023-06-01,"Zuban Córdoba & Asociados​",1300,"La Libertad Avanza",23.3
2023-06-01,"Zuban Córdoba & Asociados​",1300,"Hacemos por Nuestro Pais",4
2023-06-01,"Zuban Córdoba & Asociados​",1300,"Frente de Izquierda",3.1
2023-06-01,"Zuban Córdoba & Asociados​",1300,"Otros - Blanco - Indecisos",9
2023-06-01,"Zuban Córdoba & Asociados​",1300,"Unión por la Patria",29
2023-06-01,"Zuban Córdoba & Asociados​",1300,"Juntos por el Cambio",27.2
2023-06-01,"Zuban Córdoba & Asociados​",1300,"La Libertad Avanza",24.6
2023-06-01,"Zuban Córdoba & Asociados​",1300,"Hacemos por Nuestro Pais",4.9
2023-06-01,"Zuban Córdoba & Asociados​",1300,"Frente de Izquierda",3.3
2023-06-01,"Zuban Córdoba & Asociados​",1300,"Otros - Blanco - Indecisos",11.1
2023-06-01,"Zuban Córdoba & Asociados​",1300,"Unión por la Patria",22.8
2023-06-01,"Zuban Córdoba & Asociados​",1300,"Juntos por el Cambio",28.2
2023-06-01,"Zuban Córdoba & Asociados​",1300,"La Libertad Avanza",24.3
2023-06-01,"Zuban Córdoba & Asociados​",1300,"Hacemos por Nuestro Pais",5.3
2023-06-01,"Zuban Córdoba & Asociados​",1300,"Frente de Izquierda",3.5
2023-06-01,"Zuban Córdoba & Asociados​",1300,"Otros - Blanco - Indecisos",15.8
2023-06-01,"Zuban Córdoba & Asociados​",1300,"Unión por la Patria",20.7
2023-06-01,"Zuban Córdoba & Asociados​",1300,"Juntos por el Cambio",27.9
2023-06-01,"Zuban Córdoba & Asociados​",1300,"La Libertad Avanza",24.6
2023-06-01,"Zuban Córdoba & Asociados​",1300,"Hacemos por Nuestro Pais",5.6
2023-06-01,"Zuban Córdoba & Asociados​",1300,"Frente de Izquierda",3.7
2023-06-01,"Zuban Córdoba & Asociados​",1300,"Otros - Blanco - Indecisos",17.5
2023-06-01,"Zuban Córdoba & Asociados​",1300,"Unión por la Patria",26
2023-06-01,"Zuban Córdoba & Asociados​",1300,"Juntos por el Cambio",28.1
2023-06-01,"Zuban Córdoba & Asociados​",1300,"La Libertad Avanza",23.7
2023-06-01,"Zuban Córdoba & Asociados​",1300,"Hacemos por Nuestro Pais",5.1
2023-06-01,"Zuban Córdoba & Asociados​",1300,"Frente de Izquierda",3.7
2023-06-01,"Zuban Córdoba & Asociados​",1300,"Otros - Blanco - Indecisos",13.4
2023-06-01,"Zuban Córdoba & Asociados​",1300,"Unión por la Patria",28.3
2023-06-01,"Zuban Córdoba & Asociados​",1300,"Juntos por el Cambio",28.5
2023-06-01,"Zuban Córdoba & Asociados​",1300,"La Libertad Avanza",23.7
2023-06-01,"Zuban Córdoba & Asociados​",1300,"Hacemos por Nuestro Pais",4.1
2023-06-01,"Zuban Córdoba & Asociados​",1300,"Frente de Izquierda",3.5
2023-06-01,"Zuban Córdoba & Asociados​",1300,"Otros - Blanco - Indecisos",12
2023-05-31,"Analogías​​​",2605,"Unión por la Patria",27.5
2023-05-31,"Analogías​​​",2605,"Juntos por el Cambio",26.8
2023-05-31,"Analogías​​​",2605,"La Libertad Avanza",21.2
2023-05-31,"Analogías​​​",2605,"Hacemos por Nuestro Pais",NA
2023-05-31,"Analogías​​​",2605,"Frente de Izquierda",2.7
2023-05-31,"Analogías​​​",2605,"Otros - Blanco - Indecisos",21.8
2023-05-28,"Opina Argentina​",1400,"Unión por la Patria",29
2023-05-28,"Opina Argentina​",1400,"Juntos por el Cambio",29
2023-05-28,"Opina Argentina​",1400,"La Libertad Avanza",26
2023-05-28,"Opina Argentina​",1400,"Hacemos por Nuestro Pais",4
2023-05-28,"Opina Argentina​",1400,"Frente de Izquierda",4
2023-05-28,"Opina Argentina​",1400,"Otros - Blanco - Indecisos",8
2023-05-28,"Opina Argentina​",1400,"Unión por la Patria",29
2023-05-28,"Opina Argentina​",1400,"Juntos por el Cambio",30
2023-05-28,"Opina Argentina​",1400,"La Libertad Avanza",26
2023-05-28,"Opina Argentina​",1400,"Hacemos por Nuestro Pais",NA
2023-05-28,"Opina Argentina​",1400,"Frente de Izquierda",4
2023-05-28,"Opina Argentina​",1400,"Otros - Blanco - Indecisos",10
2023-05-28,"Opina Argentina​",1400,"Unión por la Patria",27
2023-05-28,"Opina Argentina​",1400,"Juntos por el Cambio",28
2023-05-28,"Opina Argentina​",1400,"La Libertad Avanza",26
2023-05-28,"Opina Argentina​",1400,"Hacemos por Nuestro Pais",4
2023-05-28,"Opina Argentina​",1400,"Frente de Izquierda",4
2023-05-28,"Opina Argentina​",1400,"Otros - Blanco - Indecisos",10
2023-05-28,"Opina Argentina​",1400,"Unión por la Patria",26
2023-05-28,"Opina Argentina​",1400,"Juntos por el Cambio",27
2023-05-28,"Opina Argentina​",1400,"La Libertad Avanza",24
2023-05-28,"Opina Argentina​",1400,"Hacemos por Nuestro Pais",4
2023-05-28,"Opina Argentina​",1400,"Frente de Izquierda",7
2023-05-28,"Opina Argentina​",1400,"Otros - Blanco - Indecisos",13
2023-05-28,"Opina Argentina​",1400,"Unión por la Patria",24
2023-05-28,"Opina Argentina​",1400,"Juntos por el Cambio",26
2023-05-28,"Opina Argentina​",1400,"La Libertad Avanza",24
2023-05-28,"Opina Argentina​",1400,"Hacemos por Nuestro Pais",4
2023-05-28,"Opina Argentina​",1400,"Frente de Izquierda",7
2023-05-28,"Opina Argentina​",1400,"Otros - Blanco - Indecisos",15
2023-05-26,"UdeSA​​",1000,"Unión por la Patria",22.5
2023-05-26,"UdeSA​​",1000,"Juntos por el Cambio",29.5
2023-05-26,"UdeSA​​",1000,"La Libertad Avanza",16.8
2023-05-26,"UdeSA​​",1000,"Hacemos por Nuestro Pais",2.7
2023-05-26,"UdeSA​​",1000,"Frente de Izquierda",3.3
2023-05-26,"UdeSA​​",1000,"Otros - Blanco - Indecisos",15.5
2023-05-26,"UdeSA​​",1000,"Unión por la Patria",16
2023-05-26,"UdeSA​​",1000,"Juntos por el Cambio",21
2023-05-26,"UdeSA​​",1000,"La Libertad Avanza",14
2023-05-26,"UdeSA​​",1000,"Hacemos por Nuestro Pais",3
2023-05-26,"UdeSA​​",1000,"Frente de Izquierda",4
2023-05-26,"UdeSA​​",1000,"Otros - Blanco - Indecisos",32
2023-05-24,"Giacobbe & Asociados​",1000,"Unión por la Patria",25.8
2023-05-24,"Giacobbe & Asociados​",1000,"Juntos por el Cambio",27.9
2023-05-24,"Giacobbe & Asociados​",1000,"La Libertad Avanza",27.6
2023-05-24,"Giacobbe & Asociados​",1000,"Hacemos por Nuestro Pais",2
2023-05-24,"Giacobbe & Asociados​",1000,"Frente de Izquierda",2.5
2023-05-24,"Giacobbe & Asociados​",1000,"Otros - Blanco - Indecisos",14.2
2023-05-22,"Opinaia​",2000,"Unión por la Patria",20
2023-05-22,"Opinaia​",2000,"Juntos por el Cambio",27
2023-05-22,"Opinaia​",2000,"La Libertad Avanza",26
2023-05-22,"Opinaia​",2000,"Hacemos por Nuestro Pais",6
2023-05-22,"Opinaia​",2000,"Frente de Izquierda",3
2023-05-22,"Opinaia​",2000,"Otros - Blanco - Indecisos",18
2023-05-14,"Clara Research​​",2641,"Unión por la Patria",22.4
2023-05-14,"Clara Research​​",2641,"Juntos por el Cambio",19.9
2023-05-14,"Clara Research​​",2641,"La Libertad Avanza",25.5
2023-05-14,"Clara Research​​",2641,"Hacemos por Nuestro Pais",3.3
2023-05-14,"Clara Research​​",2641,"Frente de Izquierda",2
2023-05-14,"Clara Research​​",2641,"Otros - Blanco - Indecisos",26.9
2023-05-20,"Opina Argentina​",1402,"Unión por la Patria",26
2023-05-20,"Opina Argentina​",1402,"Juntos por el Cambio",24
2023-05-20,"Opina Argentina​",1402,"La Libertad Avanza",24
2023-05-20,"Opina Argentina​",1402,"Hacemos por Nuestro Pais",5
2023-05-20,"Opina Argentina​",1402,"Frente de Izquierda",4
2023-05-20,"Opina Argentina​",1402,"Otros - Blanco - Indecisos",17
2023-05-20,"Opina Argentina​",1402,"Unión por la Patria",27
2023-05-20,"Opina Argentina​",1402,"Juntos por el Cambio",27
2023-05-20,"Opina Argentina​",1402,"La Libertad Avanza",26
2023-05-20,"Opina Argentina​",1402,"Hacemos por Nuestro Pais",4
2023-05-20,"Opina Argentina​",1402,"Frente de Izquierda",3
2023-05-20,"Opina Argentina​",1402,"Otros - Blanco - Indecisos",13
2023-05-20,"Opina Argentina​",1402,"Unión por la Patria",26
2023-05-20,"Opina Argentina​",1402,"Juntos por el Cambio",27
2023-05-20,"Opina Argentina​",1402,"La Libertad Avanza",26
2023-05-20,"Opina Argentina​",1402,"Hacemos por Nuestro Pais",4
2023-05-20,"Opina Argentina​",1402,"Frente de Izquierda",4
2023-05-20,"Opina Argentina​",1402,"Otros - Blanco - Indecisos",13
2023-05-19,"Federico González & Asociados​​",2400,"Unión por la Patria",25.2
2023-05-19,"Federico González & Asociados​​",2400,"Juntos por el Cambio",23.1
2023-05-19,"Federico González & Asociados​​",2400,"La Libertad Avanza",27.9
2023-05-19,"Federico González & Asociados​​",2400,"Hacemos por Nuestro Pais",2.4
2023-05-19,"Federico González & Asociados​​",2400,"Frente de Izquierda",3.3
2023-05-19,"Federico González & Asociados​​",2400,"Otros - Blanco - Indecisos",17.7
2023-05-19,"Federico González & Asociados​​",2400,"Unión por la Patria",25.2
2023-05-19,"Federico González & Asociados​​",2400,"Juntos por el Cambio",32.5
2023-05-19,"Federico González & Asociados​​",2400,"La Libertad Avanza",24.1
2023-05-19,"Federico González & Asociados​​",2400,"Hacemos por Nuestro Pais",2.3
2023-05-19,"Federico González & Asociados​​",2400,"Frente de Izquierda",3.3
2023-05-19,"Federico González & Asociados​​",2400,"Otros - Blanco - Indecisos",12.6
2023-05-19,"Federico González & Asociados​​",2400,"Unión por la Patria",25.9
2023-05-19,"Federico González & Asociados​​",2400,"Juntos por el Cambio",33.5
2023-05-19,"Federico González & Asociados​​",2400,"La Libertad Avanza",24.1
2023-05-19,"Federico González & Asociados​​",2400,"Hacemos por Nuestro Pais",2.2
2023-05-19,"Federico González & Asociados​​",2400,"Frente de Izquierda",2.9
2023-05-19,"Federico González & Asociados​​",2400,"Otros - Blanco - Indecisos",11.4
2023-05-18,"CIGP​",1212,"Unión por la Patria",22.8
2023-05-18,"CIGP​",1212,"Juntos por el Cambio",23.9
2023-05-18,"CIGP​",1212,"La Libertad Avanza",20.8
2023-05-18,"CIGP​",1212,"Hacemos por Nuestro Pais",5.7
2023-05-18,"CIGP​",1212,"Frente de Izquierda",NA
2023-05-18,"CIGP​",1212,"Otros - Blanco - Indecisos",26.9
2023-05-13,"Taquion​",2669,"Unión por la Patria",23.7
2023-05-13,"Taquion​",2669,"Juntos por el Cambio",33
2023-05-13,"Taquion​",2669,"La Libertad Avanza",26.3
2023-05-13,"Taquion​",2669,"Hacemos por Nuestro Pais",4
2023-05-13,"Taquion​",2669,"Frente de Izquierda",2.2
2023-05-13,"Taquion​",2669,"Otros - Blanco - Indecisos",10.9
2023-05-13,"Synopsis​​",1631,"Unión por la Patria",24.6
2023-05-13,"Synopsis​​",1631,"Juntos por el Cambio",26.2
2023-05-13,"Synopsis​​",1631,"La Libertad Avanza",25.2
2023-05-13,"Synopsis​​",1631,"Hacemos por Nuestro Pais",5.5
2023-05-13,"Synopsis​​",1631,"Frente de Izquierda",3.5
2023-05-13,"Synopsis​​",1631,"Otros - Blanco - Indecisos",14.9
2023-05-13,"Synopsis​​",1631,"Unión por la Patria",24.9
2023-05-13,"Synopsis​​",1631,"Juntos por el Cambio",26.2
2023-05-13,"Synopsis​​",1631,"La Libertad Avanza",17.1
2023-05-13,"Synopsis​​",1631,"Hacemos por Nuestro Pais",10.7
2023-05-13,"Synopsis​​",1631,"Frente de Izquierda",4.6
2023-05-13,"Synopsis​​",1631,"Otros - Blanco - Indecisos",16.5
2023-05-07,"CELAG​",2002,"Unión por la Patria",26.1
2023-05-07,"CELAG​",2002,"Juntos por el Cambio",24.6
2023-05-07,"CELAG​",2002,"La Libertad Avanza",29.3
2023-05-07,"CELAG​",2002,"Hacemos por Nuestro Pais",6.2
2023-05-07,"CELAG​",2002,"Frente de Izquierda",3.5
2023-05-07,"CELAG​",2002,"Otros - Blanco - Indecisos",8.7
2023-04-30,"Fixer​",1257,"Unión por la Patria",26
2023-04-30,"Fixer​",1257,"Juntos por el Cambio",32
2023-04-30,"Fixer​",1257,"La Libertad Avanza",22
2023-04-30,"Fixer​",1257,"Hacemos por Nuestro Pais",3
2023-04-30,"Fixer​",1257,"Frente de Izquierda",2
2023-04-30,"Fixer​",1257,"Otros - Blanco - Indecisos",15
2023-04-30,"Opinaia​",2000,"Unión por la Patria",23
2023-04-30,"Opinaia​",2000,"Juntos por el Cambio",27
2023-04-30,"Opinaia​",2000,"La Libertad Avanza",26
2023-04-30,"Opinaia​",2000,"Hacemos por Nuestro Pais",2
2023-04-30,"Opinaia​",2000,"Frente de Izquierda",2
2023-04-30,"Opinaia​",2000,"Otros - Blanco - Indecisos",15
2023-04-16,"Zuban Córdoba & Asociados​​",1300,"Unión por la Patria",26.6
2023-04-16,"Zuban Córdoba & Asociados​​",1300,"Juntos por el Cambio",20.4
2023-04-16,"Zuban Córdoba & Asociados​​",1300,"La Libertad Avanza",26
2023-04-16,"Zuban Córdoba & Asociados​​",1300,"Hacemos por Nuestro Pais",5.6
2023-04-16,"Zuban Córdoba & Asociados​​",1300,"Frente de Izquierda",2.7
2023-04-16,"Zuban Córdoba & Asociados​​",1300,"Otros - Blanco - Indecisos",18.7
2023-04-16,"Zuban Córdoba & Asociados​​",1300,"Unión por la Patria",28.1
2023-04-16,"Zuban Córdoba & Asociados​​",1300,"Juntos por el Cambio",24
2023-04-16,"Zuban Córdoba & Asociados​​",1300,"La Libertad Avanza",22
2023-04-16,"Zuban Córdoba & Asociados​​",1300,"Hacemos por Nuestro Pais",5.7
2023-04-16,"Zuban Córdoba & Asociados​​",1300,"Frente de Izquierda",2.4
2023-04-16,"Zuban Córdoba & Asociados​​",1300,"Otros - Blanco - Indecisos",17.8
2023-04-16,"Zuban Córdoba & Asociados​​",1300,"Unión por la Patria",28.5
2023-04-16,"Zuban Córdoba & Asociados​​",1300,"Juntos por el Cambio",23.5
2023-04-16,"Zuban Córdoba & Asociados​​",1300,"La Libertad Avanza",18
2023-04-16,"Zuban Córdoba & Asociados​​",1300,"Hacemos por Nuestro Pais",4.7
2023-04-16,"Zuban Córdoba & Asociados​​",1300,"Frente de Izquierda",2.8
2023-04-16,"Zuban Córdoba & Asociados​​",1300,"Otros - Blanco - Indecisos",22.4
2023-04-15,"Synopsis​​",1679,"Unión por la Patria",23.7
2023-04-15,"Synopsis​​",1679,"Juntos por el Cambio",26.6
2023-04-15,"Synopsis​​",1679,"La Libertad Avanza",26.5
2023-04-15,"Synopsis​​",1679,"Hacemos por Nuestro Pais",3.6
2023-04-15,"Synopsis​​",1679,"Frente de Izquierda",3.8
2023-04-15,"Synopsis​​",1679,"Otros - Blanco - Indecisos",15.8
2023-04-15,"Synopsis​​",1679,"Unión por la Patria",30
2023-04-15,"Synopsis​​",1679,"Juntos por el Cambio",29.8
2023-04-15,"Synopsis​​",1679,"La Libertad Avanza",24.9
2023-04-15,"Synopsis​​",1679,"Hacemos por Nuestro Pais",2.2
2023-04-15,"Synopsis​​",1679,"Frente de Izquierda",2.4
2023-04-15,"Synopsis​​",1679,"Otros - Blanco - Indecisos",10.8
2023-04-15,"Synopsis​​",1679,"Unión por la Patria",22.8
2023-04-15,"Synopsis​​",1679,"Juntos por el Cambio",28.1
2023-04-15,"Synopsis​​",1679,"La Libertad Avanza",16.6
2023-04-15,"Synopsis​​",1679,"Hacemos por Nuestro Pais",10.8
2023-04-15,"Synopsis​​",1679,"Frente de Izquierda",4.9
2023-04-15,"Synopsis​​",1679,"Otros - Blanco - Indecisos",16.8
2023-04-15,"Opina Argentina​",1402,"Unión por la Patria",27
2023-04-15,"Opina Argentina​",1402,"Juntos por el Cambio",27
2023-04-15,"Opina Argentina​",1402,"La Libertad Avanza",23
2023-04-15,"Opina Argentina​",1402,"Hacemos por Nuestro Pais",5
2023-04-15,"Opina Argentina​",1402,"Frente de Izquierda",3
2023-04-15,"Opina Argentina​",1402,"Otros - Blanco - Indecisos",11
2023-04-14,"IPD​",1600,"Unión por la Patria",26
2023-04-14,"IPD​",1600,"Juntos por el Cambio",24
2023-04-14,"IPD​",1600,"La Libertad Avanza",25
2023-04-14,"IPD​",1600,"Hacemos por Nuestro Pais",NA
2023-04-14,"IPD​",1600,"Frente de Izquierda",5
2023-04-14,"IPD​",1600,"Otros - Blanco - Indecisos",20
2023-04-14,"IPD​",1600,"Unión por la Patria",25
2023-04-14,"IPD​",1600,"Juntos por el Cambio",28
2023-04-14,"IPD​",1600,"La Libertad Avanza",27
2023-04-14,"IPD​",1600,"Hacemos por Nuestro Pais",NA
2023-04-14,"IPD​",1600,"Frente de Izquierda",NA
2023-04-14,"IPD​",1600,"Otros - Blanco - Indecisos",20
2023-04-14,"Reale Dalla Torre​",1600,"Unión por la Patria",27.6
2023-04-14,"Reale Dalla Torre​",1600,"Juntos por el Cambio",31.5
2023-04-14,"Reale Dalla Torre​",1600,"La Libertad Avanza",26.7
2023-04-14,"Reale Dalla Torre​",1600,"Hacemos por Nuestro Pais",2.7
2023-04-14,"Reale Dalla Torre​",1600,"Frente de Izquierda",3.8
2023-04-14,"Reale Dalla Torre​",1600,"Otros - Blanco - Indecisos",8.7
2023-04-14,"Reale Dalla Torre​",1600,"Unión por la Patria",20.9
2023-04-14,"Reale Dalla Torre​",1600,"Juntos por el Cambio",23.3
2023-04-14,"Reale Dalla Torre​",1600,"La Libertad Avanza",20.6
2023-04-14,"Reale Dalla Torre​",1600,"Hacemos por Nuestro Pais",NA
2023-04-14,"Reale Dalla Torre​",1600,"Frente de Izquierda",4.9
2023-04-14,"Reale Dalla Torre​",1600,"Otros - Blanco - Indecisos",30.3
2023-04-13,"Management & Fit​",1500,"Unión por la Patria",26.5
2023-04-13,"Management & Fit​",1500,"Juntos por el Cambio",27.6
2023-04-13,"Management & Fit​",1500,"La Libertad Avanza",24.3
2023-04-13,"Management & Fit​",1500,"Hacemos por Nuestro Pais",6.8
2023-04-13,"Management & Fit​",1500,"Frente de Izquierda",4.5
2023-04-13,"Management & Fit​",1500,"Otros - Blanco - Indecisos",13.4
2023-04-13,"Management & Fit​",1500,"Unión por la Patria",28.7
2023-04-13,"Management & Fit​",1500,"Juntos por el Cambio",27.4
2023-04-13,"Management & Fit​",1500,"La Libertad Avanza",23.9
2023-04-13,"Management & Fit​",1500,"Hacemos por Nuestro Pais",6.3
2023-04-13,"Management & Fit​",1500,"Frente de Izquierda",3.8
2023-04-13,"Management & Fit​",1500,"Otros - Blanco - Indecisos",12.9
2023-04-13,"Management & Fit​",1500,"Unión por la Patria",30.7
2023-04-13,"Management & Fit​",1500,"Juntos por el Cambio",26.5
2023-04-13,"Management & Fit​",1500,"La Libertad Avanza",23.7
2023-04-13,"Management & Fit​",1500,"Hacemos por Nuestro Pais",6.8
2023-04-13,"Management & Fit​",1500,"Frente de Izquierda",3.9
2023-04-13,"Management & Fit​",1500,"Otros - Blanco - Indecisos",11.7
2023-04-13,"Management & Fit​",1500,"Unión por la Patria",21.9
2023-04-13,"Management & Fit​",1500,"Juntos por el Cambio",22.2
2023-04-13,"Management & Fit​",1500,"La Libertad Avanza",14.3
2023-04-13,"Management & Fit​",1500,"Hacemos por Nuestro Pais",6.8
2023-04-13,"Management & Fit​",1500,"Frente de Izquierda",4.9
2023-04-13,"Management & Fit​",1500,"Otros - Blanco - Indecisos",30.2
2023-04-09,"Taquion​",2566,"Unión por la Patria",21.4
2023-04-09,"Taquion​",2566,"Juntos por el Cambio",30.1
2023-04-09,"Taquion​",2566,"La Libertad Avanza",24.3
2023-04-09,"Taquion​",2566,"Hacemos por Nuestro Pais",4.8
2023-04-09,"Taquion​",2566,"Frente de Izquierda",2.5
2023-04-09,"Taquion​",2566,"Otros - Blanco - Indecisos",17
2023-04-09,"Inteligencia Analítica​",9754,"Unión por la Patria",18.7
2023-04-09,"Inteligencia Analítica​",9754,"Juntos por el Cambio",23.6
2023-04-09,"Inteligencia Analítica​",9754,"La Libertad Avanza",20.8
2023-04-09,"Inteligencia Analítica​",9754,"Hacemos por Nuestro Pais",NA
2023-04-09,"Inteligencia Analítica​",9754,"Frente de Izquierda",5.3
2023-04-09,"Inteligencia Analítica​",9754,"Otros - Blanco - Indecisos",31.6
2023-04-04,"GOP y Trespuntozero​",2000,"Unión por la Patria",27.7
2023-04-04,"GOP y Trespuntozero​",2000,"Juntos por el Cambio",36
2023-04-04,"GOP y Trespuntozero​",2000,"La Libertad Avanza",19.3
2023-04-04,"GOP y Trespuntozero​",2000,"Hacemos por Nuestro Pais",NA
2023-04-04,"GOP y Trespuntozero​",2000,"Frente de Izquierda",1.2
2023-04-04,"GOP y Trespuntozero​",2000,"Otros - Blanco - Indecisos",15.8
2023-04-04,"GOP y Trespuntozero​",2000,"Unión por la Patria",30
2023-04-04,"GOP y Trespuntozero​",2000,"Juntos por el Cambio",36.6
2023-04-04,"GOP y Trespuntozero​",2000,"La Libertad Avanza",19.1
2023-04-04,"GOP y Trespuntozero​",2000,"Hacemos por Nuestro Pais",NA
2023-04-04,"GOP y Trespuntozero​",2000,"Frente de Izquierda",1.1
2023-04-04,"GOP y Trespuntozero​",2000,"Otros - Blanco - Indecisos",13.2
2023-04-02,"Inteligencia Analítica​",9944,"Unión por la Patria",20.5
2023-04-02,"Inteligencia Analítica​",9944,"Juntos por el Cambio",22.7
2023-04-02,"Inteligencia Analítica​",9944,"La Libertad Avanza",20.3
2023-04-02,"Inteligencia Analítica​",9944,"Hacemos por Nuestro Pais",NA
2023-04-02,"Inteligencia Analítica​",9944,"Frente de Izquierda",5.8
2023-04-02,"Inteligencia Analítica​",9944,"Otros - Blanco - Indecisos",30.7
2023-03-31,"Analogías​",2658,"Unión por la Patria",25.2
2023-03-31,"Analogías​",2658,"Juntos por el Cambio",24.5
2023-03-31,"Analogías​",2658,"La Libertad Avanza",20.7
2023-03-31,"Analogías​",2658,"Hacemos por Nuestro Pais",NA
2023-03-31,"Analogías​",2658,"Frente de Izquierda",3.5
2023-03-31,"Analogías​",2658,"Otros - Blanco - Indecisos",26.1
2023-03-30,"UdeSA​",1001,"Unión por la Patria",15
2023-03-30,"UdeSA​",1001,"Juntos por el Cambio",23
2023-03-30,"UdeSA​",1001,"La Libertad Avanza",11
2023-03-30,"UdeSA​",1001,"Hacemos por Nuestro Pais",5
2023-03-30,"UdeSA​",1001,"Frente de Izquierda",4
2023-03-30,"UdeSA​",1001,"Otros - Blanco - Indecisos",33
2023-03-29,"Federico González & Asociados​",1800,"Unión por la Patria",25.2
2023-03-29,"Federico González & Asociados​",1800,"Juntos por el Cambio",31.5
2023-03-29,"Federico González & Asociados​",1800,"La Libertad Avanza",15.2
2023-03-29,"Federico González & Asociados​",1800,"Hacemos por Nuestro Pais",4.6
2023-03-29,"Federico González & Asociados​",1800,"Frente de Izquierda",3.3
2023-03-29,"Federico González & Asociados​",1800,"Otros - Blanco - Indecisos",20.2
2023-03-14,"Poliarquía​",NA,"Unión por la Patria",27
2023-03-14,"Poliarquía​",NA,"Juntos por el Cambio",25
2023-03-14,"Poliarquía​",NA,"La Libertad Avanza",23
2023-03-14,"Poliarquía​",NA,"Hacemos por Nuestro Pais",NA
2023-03-14,"Poliarquía​",NA,"Frente de Izquierda",5
2023-03-14,"Poliarquía​",NA,"Otros - Blanco - Indecisos",20
2023-03-14,"Poliarquía​",NA,"Unión por la Patria",35
2023-03-14,"Poliarquía​",NA,"Juntos por el Cambio",33
2023-03-14,"Poliarquía​",NA,"La Libertad Avanza",23
2023-03-14,"Poliarquía​",NA,"Hacemos por Nuestro Pais",3
2023-03-14,"Poliarquía​",NA,"Frente de Izquierda",3
2023-03-14,"Poliarquía​",NA,"Otros - Blanco - Indecisos",4
2023-03-27,"Mucho en Común​",1821,"Unión por la Patria",10
2023-03-27,"Mucho en Común​",1821,"Juntos por el Cambio",10
2023-03-27,"Mucho en Común​",1821,"La Libertad Avanza",25
2023-03-27,"Mucho en Común​",1821,"Hacemos por Nuestro Pais",NA
2023-03-27,"Mucho en Común​",1821,"Frente de Izquierda",NA
2023-03-27,"Mucho en Común​",1821,"Otros - Blanco - Indecisos",54
2023-03-23,"Opinaia​",2000,"Unión por la Patria",20
2023-03-23,"Opinaia​",2000,"Juntos por el Cambio",29
2023-03-23,"Opinaia​",2000,"La Libertad Avanza",20
2023-03-23,"Opinaia​",2000,"Hacemos por Nuestro Pais",4
2023-03-23,"Opinaia​",2000,"Frente de Izquierda",3
2023-03-23,"Opinaia​",2000,"Otros - Blanco - Indecisos",24
2023-03-18,"Consultora Tendencias​",8206,"Unión por la Patria",27.5
2023-03-18,"Consultora Tendencias​",8206,"Juntos por el Cambio",30.6
2023-03-18,"Consultora Tendencias​",8206,"La Libertad Avanza",18.5
2023-03-18,"Consultora Tendencias​",8206,"Hacemos por Nuestro Pais",2.4
2023-03-18,"Consultora Tendencias​",8206,"Frente de Izquierda",6.2
2023-03-18,"Consultora Tendencias​",8206,"Otros - Blanco - Indecisos",14.8
2023-03-16,"Synopsis​",1643,"Unión por la Patria",23.4
2023-03-16,"Synopsis​",1643,"Juntos por el Cambio",27.4
2023-03-16,"Synopsis​",1643,"La Libertad Avanza",14.6
2023-03-16,"Synopsis​",1643,"Hacemos por Nuestro Pais",9.2
2023-03-16,"Synopsis​",1643,"Frente de Izquierda",5.3
2023-03-16,"Synopsis​",1643,"Otros - Blanco - Indecisos",0
2023-03-13,"Clivajes Consultores​",1395,"Unión por la Patria",26.7
2023-03-13,"Clivajes Consultores​",1395,"Juntos por el Cambio",20.8
2023-03-13,"Clivajes Consultores​",1395,"La Libertad Avanza",28.4
2023-03-13,"Clivajes Consultores​",1395,"Hacemos por Nuestro Pais",NA
2023-03-13,"Clivajes Consultores​",1395,"Frente de Izquierda",NA
2023-03-13,"Clivajes Consultores​",1395,"Otros - Blanco - Indecisos",24.1
2023-02-14,"Aresco​",4000,"Unión por la Patria",33
2023-02-14,"Aresco​",4000,"Juntos por el Cambio",36.9
2023-02-14,"Aresco​",4000,"La Libertad Avanza",20.6
2023-02-14,"Aresco​",4000,"Hacemos por Nuestro Pais",NA
2023-02-14,"Aresco​",4000,"Frente de Izquierda",NA
2023-02-14,"Aresco​",4000,"Otros - Blanco - Indecisos",9.5
2023-02-28,"Management & Fit​",2200,"Unión por la Patria",23.6
2023-02-28,"Management & Fit​",2200,"Juntos por el Cambio",25.7
2023-02-28,"Management & Fit​",2200,"La Libertad Avanza",20.4
2023-02-28,"Management & Fit​",2200,"Hacemos por Nuestro Pais",NA
2023-02-28,"Management & Fit​",2200,"Frente de Izquierda",NA
2023-02-28,"Management & Fit​",2200,"Otros - Blanco - Indecisos",30.3
2023-02-27,"Opina Argentina​",1250,"Unión por la Patria",27
2023-02-27,"Opina Argentina​",1250,"Juntos por el Cambio",27
2023-02-27,"Opina Argentina​",1250,"La Libertad Avanza",24
2023-02-27,"Opina Argentina​",1250,"Hacemos por Nuestro Pais",5
2023-02-27,"Opina Argentina​",1250,"Frente de Izquierda",4
2023-02-27,"Opina Argentina​",1250,"Otros - Blanco - Indecisos",13
2023-02-27,"Opina Argentina​",1250,"Unión por la Patria",28
2023-02-27,"Opina Argentina​",1250,"Juntos por el Cambio",32
2023-02-27,"Opina Argentina​",1250,"La Libertad Avanza",22
2023-02-27,"Opina Argentina​",1250,"Hacemos por Nuestro Pais",3
2023-02-27,"Opina Argentina​",1250,"Frente de Izquierda",4
2023-02-27,"Opina Argentina​",1250,"Otros - Blanco - Indecisos",10
2023-02-17,"IPD​",1004,"Unión por la Patria",27
2023-02-17,"IPD​",1004,"Juntos por el Cambio",31
2023-02-17,"IPD​",1004,"La Libertad Avanza",18
2023-02-17,"IPD​",1004,"Hacemos por Nuestro Pais",7
2023-02-17,"IPD​",1004,"Frente de Izquierda",5
2023-02-17,"IPD​",1004,"Otros - Blanco - Indecisos",9
2023-02-16,"Solmoirago​",2200,"Unión por la Patria",29.9
2023-02-16,"Solmoirago​",2200,"Juntos por el Cambio",40.6
2023-02-16,"Solmoirago​",2200,"La Libertad Avanza",18
2023-02-16,"Solmoirago​",2200,"Hacemos por Nuestro Pais",NA
2023-02-16,"Solmoirago​",2200,"Frente de Izquierda",2.7
2023-02-16,"Solmoirago​",2200,"Otros - Blanco - Indecisos",8.7
2023-02-16,"Solmoirago​",2200,"Unión por la Patria",26.6
2023-02-16,"Solmoirago​",2200,"Juntos por el Cambio",29.9
2023-02-16,"Solmoirago​",2200,"La Libertad Avanza",14.2
2023-02-16,"Solmoirago​",2200,"Hacemos por Nuestro Pais",NA
2023-02-16,"Solmoirago​",2200,"Frente de Izquierda",2.5
2023-02-16,"Solmoirago​",2200,"Otros - Blanco - Indecisos",27
2023-02-10,"CIGP​",2408,"Unión por la Patria",25.6
2023-02-10,"CIGP​",2408,"Juntos por el Cambio",30.8
2023-02-10,"CIGP​",2408,"La Libertad Avanza",10.8
2023-02-10,"CIGP​",2408,"Hacemos por Nuestro Pais",NA
2023-02-10,"CIGP​",2408,"Frente de Izquierda",NA
2023-02-10,"CIGP​",2408,"Otros - Blanco - Indecisos",27.7
2023-02-07,"Opinaia​",1100,"Unión por la Patria",24
2023-02-07,"Opinaia​",1100,"Juntos por el Cambio",27
2023-02-07,"Opinaia​",1100,"La Libertad Avanza",24
2023-02-07,"Opinaia​",1100,"Hacemos por Nuestro Pais",4
2023-02-07,"Opinaia​",1100,"Frente de Izquierda",3
2023-02-07,"Opinaia​",1100,"Otros - Blanco - Indecisos",18
2023-02-05,"Opina Argentina​",1100,"Unión por la Patria",26
2023-02-05,"Opina Argentina​",1100,"Juntos por el Cambio",33
2023-02-05,"Opina Argentina​",1100,"La Libertad Avanza",19
2023-02-05,"Opina Argentina​",1100,"Hacemos por Nuestro Pais",NA
2023-02-05,"Opina Argentina​",1100,"Frente de Izquierda",3
2023-02-05,"Opina Argentina​",1100,"Otros - Blanco - Indecisos",20
2023-02-03,"Opinaia​",2000,"Unión por la Patria",24
2023-02-03,"Opinaia​",2000,"Juntos por el Cambio",31
2023-02-03,"Opinaia​",2000,"La Libertad Avanza",24
2023-02-03,"Opinaia​",2000,"Hacemos por Nuestro Pais",3
2023-02-03,"Opinaia​",2000,"Frente de Izquierda",2
2023-02-03,"Opinaia​",2000,"Otros - Blanco - Indecisos",16
2023-01-22,"Zuban Córdoba & Asociados​",1300,"Unión por la Patria",30.3
2023-01-22,"Zuban Córdoba & Asociados​",1300,"Juntos por el Cambio",23
2023-01-22,"Zuban Córdoba & Asociados​",1300,"La Libertad Avanza",23.2
2023-01-22,"Zuban Córdoba & Asociados​",1300,"Hacemos por Nuestro Pais",4.8
2023-01-22,"Zuban Córdoba & Asociados​",1300,"Frente de Izquierda",NA
2023-01-22,"Zuban Córdoba & Asociados​",1300,"Otros - Blanco - Indecisos",18.7
2023-01-19,"Aresco​",4000,"Unión por la Patria",25.4
2023-01-19,"Aresco​",4000,"Juntos por el Cambio",28.6
2023-01-19,"Aresco​",4000,"La Libertad Avanza",22.3
2023-01-19,"Aresco​",4000,"Hacemos por Nuestro Pais",5.2
2023-01-19,"Aresco​",4000,"Frente de Izquierda",4
2023-01-19,"Aresco​",4000,"Otros - Blanco - Indecisos",14.5
2023-01-19,"Aresco​",4000,"Unión por la Patria",29.8
2023-01-19,"Aresco​",4000,"Juntos por el Cambio",29.5
2023-01-19,"Aresco​",4000,"La Libertad Avanza",18.8
2023-01-19,"Aresco​",4000,"Hacemos por Nuestro Pais",5.3
2023-01-19,"Aresco​",4000,"Frente de Izquierda",2.8
2023-01-19,"Aresco​",4000,"Otros - Blanco - Indecisos",13.8
2023-01-17,"Solmoirago​",2200,"Unión por la Patria",29.1
2023-01-17,"Solmoirago​",2200,"Juntos por el Cambio",37.3
2023-01-17,"Solmoirago​",2200,"La Libertad Avanza",19.5
2023-01-17,"Solmoirago​",2200,"Hacemos por Nuestro Pais",NA
2023-01-17,"Solmoirago​",2200,"Frente de Izquierda",1.8
2023-01-17,"Solmoirago​",2200,"Otros - Blanco - Indecisos",12.3
2023-01-17,"Solmoirago​",2200,"Unión por la Patria",29.3
2023-01-17,"Solmoirago​",2200,"Juntos por el Cambio",41.1
2023-01-17,"Solmoirago​",2200,"La Libertad Avanza",18.1
2023-01-17,"Solmoirago​",2200,"Hacemos por Nuestro Pais",NA
2023-01-17,"Solmoirago​",2200,"Frente de Izquierda",2.8
2023-01-17,"Solmoirago​",2200,"Otros - Blanco - Indecisos",8.7
2023-01-16,"Federico González & Asociados​",1700,"Unión por la Patria",26.9
2023-01-16,"Federico González & Asociados​",1700,"Juntos por el Cambio",30.5
2023-01-16,"Federico González & Asociados​",1700,"La Libertad Avanza",20.3
2023-01-16,"Federico González & Asociados​",1700,"Hacemos por Nuestro Pais",2.8
2023-01-16,"Federico González & Asociados​",1700,"Frente de Izquierda",3.6
2023-01-16,"Federico González & Asociados​",1700,"Otros - Blanco - Indecisos",16.4
2023-01-16,"Federico González & Asociados​",1700,"Unión por la Patria",25.6
2023-01-16,"Federico González & Asociados​",1700,"Juntos por el Cambio",29.2
2023-01-16,"Federico González & Asociados​",1700,"La Libertad Avanza",22.4
2023-01-16,"Federico González & Asociados​",1700,"Hacemos por Nuestro Pais",2.9
2023-01-16,"Federico González & Asociados​",1700,"Frente de Izquierda",3.5
2023-01-16,"Federico González & Asociados​",1700,"Otros - Blanco - Indecisos",16.4
2023-01-11,"Synopsis​",1794,"Unión por la Patria",29.5
2023-01-11,"Synopsis​",1794,"Juntos por el Cambio",37.7
2023-01-11,"Synopsis​",1794,"La Libertad Avanza",21.3
2023-01-11,"Synopsis​",1794,"Hacemos por Nuestro Pais",NA
2023-01-11,"Synopsis​",1794,"Frente de Izquierda",2.9
2023-01-11,"Synopsis​",1794,"Otros - Blanco - Indecisos",8.7
2023-01-06,"Opinaia​",2000,"Unión por la Patria",25
2023-01-06,"Opinaia​",2000,"Juntos por el Cambio",32
2023-01-06,"Opinaia​",2000,"La Libertad Avanza",22
2023-01-06,"Opinaia​",2000,"Hacemos por Nuestro Pais",4
2023-01-06,"Opinaia​",2000,"Frente de Izquierda",2
2023-01-06,"Opinaia​",2000,"Otros - Blanco - Indecisos",15
2023-01-03,"Raúl Aragón & Asociados​",1500,"Unión por la Patria",24.8
2023-01-03,"Raúl Aragón & Asociados​",1500,"Juntos por el Cambio",29.1
2023-01-03,"Raúl Aragón & Asociados​",1500,"La Libertad Avanza",18.3
2023-01-03,"Raúl Aragón & Asociados​",1500,"Hacemos por Nuestro Pais",NA
2023-01-03,"Raúl Aragón & Asociados​",1500,"Frente de Izquierda",3.7
2023-01-03,"Raúl Aragón & Asociados​",1500,"Otros - Blanco - Indecisos",24.1
2023-01-03,"Raúl Aragón & Asociados​",1500,"Unión por la Patria",23.5
2023-01-03,"Raúl Aragón & Asociados​",1500,"Juntos por el Cambio",34.3
2023-01-03,"Raúl Aragón & Asociados​",1500,"La Libertad Avanza",17.2
2023-01-03,"Raúl Aragón & Asociados​",1500,"Hacemos por Nuestro Pais",NA
2023-01-03,"Raúl Aragón & Asociados​",1500,"Frente de Izquierda",3.3
2023-01-03,"Raúl Aragón & Asociados​",1500,"Otros - Blanco - Indecisos",21.7
2022-12-14,"Opina Argentina​",1100,"Unión por la Patria",25
2022-12-14,"Opina Argentina​",1100,"Juntos por el Cambio",34
2022-12-14,"Opina Argentina​",1100,"La Libertad Avanza",19
2022-12-14,"Opina Argentina​",1100,"Hacemos por Nuestro Pais",NA
2022-12-14,"Opina Argentina​",1100,"Frente de Izquierda",4
2022-12-14,"Opina Argentina​",1100,"Otros - Blanco - Indecisos",18
2022-12-28,"GOP y Trespuntozero​",1300,"Unión por la Patria",30
2022-12-28,"GOP y Trespuntozero​",1300,"Juntos por el Cambio",36.1
2022-12-28,"GOP y Trespuntozero​",1300,"La Libertad Avanza",17.6
2022-12-28,"GOP y Trespuntozero​",1300,"Hacemos por Nuestro Pais",NA
2022-12-28,"GOP y Trespuntozero​",1300,"Frente de Izquierda",1.3
2022-12-28,"GOP y Trespuntozero​",1300,"Otros - Blanco - Indecisos",15
2022-12-24,"Opinaia​",2000,"Unión por la Patria",24
2022-12-24,"Opinaia​",2000,"Juntos por el Cambio",31
2022-12-24,"Opinaia​",2000,"La Libertad Avanza",23
2022-12-24,"Opinaia​",2000,"Hacemos por Nuestro Pais",NA
2022-12-24,"Opinaia​",2000,"Frente de Izquierda",3
2022-12-24,"Opinaia​",2000,"Otros - Blanco - Indecisos",19
2022-12-21,"Management & Fit​",2200,"Unión por la Patria",24.7
2022-12-21,"Management & Fit​",2200,"Juntos por el Cambio",29.1
2022-12-21,"Management & Fit​",2200,"La Libertad Avanza",24
2022-12-21,"Management & Fit​",2200,"Hacemos por Nuestro Pais",NA
2022-12-21,"Management & Fit​",2200,"Frente de Izquierda",NA
2022-12-21,"Management & Fit​",2200,"Otros - Blanco - Indecisos",22.2
2022-12-17,"Solmoirago​",2200,"Unión por la Patria",28.4
2022-12-17,"Solmoirago​",2200,"Juntos por el Cambio",32.9
2022-12-17,"Solmoirago​",2200,"La Libertad Avanza",19.7
2022-12-17,"Solmoirago​",2200,"Hacemos por Nuestro Pais",NA
2022-12-17,"Solmoirago​",2200,"Frente de Izquierda",1.2
2022-12-17,"Solmoirago​",2200,"Otros - Blanco - Indecisos",17.8
2022-12-17,"Solmoirago​",2200,"Unión por la Patria",29.6
2022-12-17,"Solmoirago​",2200,"Juntos por el Cambio",33.3
2022-12-17,"Solmoirago​",2200,"La Libertad Avanza",21.5
2022-12-17,"Solmoirago​",2200,"Hacemos por Nuestro Pais",NA
2022-12-17,"Solmoirago​",2200,"Frente de Izquierda",1.1
2022-12-17,"Solmoirago​",2200,"Otros - Blanco - Indecisos",14.5
2022-12-17,"Solmoirago​",2200,"Unión por la Patria",27.4
2022-12-17,"Solmoirago​",2200,"Juntos por el Cambio",38.6
2022-12-17,"Solmoirago​",2200,"La Libertad Avanza",18.9
2022-12-17,"Solmoirago​",2200,"Hacemos por Nuestro Pais",NA
2022-12-17,"Solmoirago​",2200,"Frente de Izquierda",1.2
2022-12-17,"Solmoirago​",2200,"Otros - Blanco - Indecisos",13.9
2022-12-16,"IPD​",1015,"Unión por la Patria",25
2022-12-16,"IPD​",1015,"Juntos por el Cambio",36
2022-12-16,"IPD​",1015,"La Libertad Avanza",22
2022-12-16,"IPD​",1015,"Hacemos por Nuestro Pais",NA
2022-12-16,"IPD​",1015,"Frente de Izquierda",5
2022-12-16,"IPD​",1015,"Otros - Blanco - Indecisos",12
2022-12-16,"IPD​",1015,"Unión por la Patria",33
2022-12-16,"IPD​",1015,"Juntos por el Cambio",35
2022-12-16,"IPD​",1015,"La Libertad Avanza",20
2022-12-16,"IPD​",1015,"Hacemos por Nuestro Pais",NA
2022-12-16,"IPD​",1015,"Frente de Izquierda",4
2022-12-16,"IPD​",1015,"Otros - Blanco - Indecisos",8
2022-11-17,"IPD​",1030,"Unión por la Patria",33
2022-11-17,"IPD​",1030,"Juntos por el Cambio",35
2022-11-17,"IPD​",1030,"La Libertad Avanza",18
2022-11-17,"IPD​",1030,"Hacemos por Nuestro Pais",NA
2022-11-17,"IPD​",1030,"Frente de Izquierda",4
2022-11-17,"IPD​",1030,"Otros - Blanco - Indecisos",10
2022-11-16,"Solmoirago​",1800,"Unión por la Patria",23.5
2022-11-16,"Solmoirago​",1800,"Juntos por el Cambio",34
2022-11-16,"Solmoirago​",1800,"La Libertad Avanza",14.8
2022-11-16,"Solmoirago​",1800,"Hacemos por Nuestro Pais",NA
2022-11-16,"Solmoirago​",1800,"Frente de Izquierda",1.4
2022-11-16,"Solmoirago​",1800,"Otros - Blanco - Indecisos",26.3
2022-11-10,"Opina Argentina​",1100,"Unión por la Patria",29
2022-11-10,"Opina Argentina​",1100,"Juntos por el Cambio",36
2022-11-10,"Opina Argentina​",1100,"La Libertad Avanza",16
2022-11-10,"Opina Argentina​",1100,"Hacemos por Nuestro Pais",NA
2022-11-10,"Opina Argentina​",1100,"Frente de Izquierda",4
2022-11-10,"Opina Argentina​",1100,"Otros - Blanco - Indecisos",15
2022-11-03,"Management & Fit​",2200,"Unión por la Patria",25
2022-11-03,"Management & Fit​",2200,"Juntos por el Cambio",30.2
2022-11-03,"Management & Fit​",2200,"La Libertad Avanza",21.5
2022-11-03,"Management & Fit​",2200,"Hacemos por Nuestro Pais",NA
2022-11-03,"Management & Fit​",2200,"Frente de Izquierda",3.8
2022-11-03,"Management & Fit​",2200,"Otros - Blanco - Indecisos",19.5
2022-10-29,"Opinaia​",2000,"Unión por la Patria",24
2022-10-29,"Opinaia​",2000,"Juntos por el Cambio",30
2022-10-29,"Opinaia​",2000,"La Libertad Avanza",23
2022-10-29,"Opinaia​",2000,"Hacemos por Nuestro Pais",NA
2022-10-29,"Opinaia​",2000,"Frente de Izquierda",2
2022-10-29,"Opinaia​",2000,"Otros - Blanco - Indecisos",21
2022-10-28,"PGD Consultores​",2400,"Unión por la Patria",25
2022-10-28,"PGD Consultores​",2400,"Juntos por el Cambio",35
2022-10-28,"PGD Consultores​",2400,"La Libertad Avanza",18
2022-10-28,"PGD Consultores​",2400,"Hacemos por Nuestro Pais",NA
2022-10-28,"PGD Consultores​",2400,"Frente de Izquierda",NA
2022-10-28,"PGD Consultores​",2400,"Otros - Blanco - Indecisos",22
2022-10-21,"CIGP​",2400,"Unión por la Patria",23.2
2022-10-21,"CIGP​",2400,"Juntos por el Cambio",29.7
2022-10-21,"CIGP​",2400,"La Libertad Avanza",15
2022-10-21,"CIGP​",2400,"Hacemos por Nuestro Pais",NA
2022-10-21,"CIGP​",2400,"Frente de Izquierda",NA
2022-10-21,"CIGP​",2400,"Otros - Blanco - Indecisos",32
2022-10-19,"Solmoirago​",1800,"Unión por la Patria",22.8
2022-10-19,"Solmoirago​",1800,"Juntos por el Cambio",33.4
2022-10-19,"Solmoirago​",1800,"La Libertad Avanza",16.3
2022-10-19,"Solmoirago​",1800,"Hacemos por Nuestro Pais",NA
2022-10-19,"Solmoirago​",1800,"Frente de Izquierda",2.3
2022-10-19,"Solmoirago​",1800,"Otros - Blanco - Indecisos",25.2
2022-10-16,"Ricardo Rouvier & Asociados​",1200,"Unión por la Patria",26.9
2022-10-16,"Ricardo Rouvier & Asociados​",1200,"Juntos por el Cambio",38
2022-10-16,"Ricardo Rouvier & Asociados​",1200,"La Libertad Avanza",14
2022-10-16,"Ricardo Rouvier & Asociados​",1200,"Hacemos por Nuestro Pais",NA
2022-10-16,"Ricardo Rouvier & Asociados​",1200,"Frente de Izquierda",4.7
2022-10-16,"Ricardo Rouvier & Asociados​",1200,"Otros - Blanco - Indecisos",16.4
2022-10-14,"Reale Dalla Torre​",1250,"Unión por la Patria",29.1
2022-10-14,"Reale Dalla Torre​",1250,"Juntos por el Cambio",37.6
2022-10-14,"Reale Dalla Torre​",1250,"La Libertad Avanza",22
2022-10-14,"Reale Dalla Torre​",1250,"Hacemos por Nuestro Pais",NA
2022-10-14,"Reale Dalla Torre​",1250,"Frente de Izquierda",2.7
2022-10-14,"Reale Dalla Torre​",1250,"Otros - Blanco - Indecisos",8.6
2022-10-14,"IPD​",1043,"Unión por la Patria",29
2022-10-14,"IPD​",1043,"Juntos por el Cambio",34
2022-10-14,"IPD​",1043,"La Libertad Avanza",19
2022-10-14,"IPD​",1043,"Hacemos por Nuestro Pais",NA
2022-10-14,"IPD​",1043,"Frente de Izquierda",5
2022-10-14,"IPD​",1043,"Otros - Blanco - Indecisos",13
2022-10-10,"Giacobbe & Asociados​",2500,"Unión por la Patria",15.5
2022-10-10,"Giacobbe & Asociados​",2500,"Juntos por el Cambio",32.8
2022-10-10,"Giacobbe & Asociados​",2500,"La Libertad Avanza",23.6
2022-10-10,"Giacobbe & Asociados​",2500,"Hacemos por Nuestro Pais",NA
2022-10-10,"Giacobbe & Asociados​",2500,"Frente de Izquierda",2.1
2022-10-10,"Giacobbe & Asociados​",2500,"Otros - Blanco - Indecisos",26
2022-09-14,"Aresco​",1200,"Unión por la Patria",32.2
2022-09-14,"Aresco​",1200,"Juntos por el Cambio",35
2022-09-14,"Aresco​",1200,"La Libertad Avanza",19.1
2022-09-14,"Aresco​",1200,"Hacemos por Nuestro Pais",NA
2022-09-14,"Aresco​",1200,"Frente de Izquierda",NA
2022-09-14,"Aresco​",1200,"Otros - Blanco - Indecisos",13.7
2022-09-28,"Management & Fit​",1800,"Unión por la Patria",27
2022-09-28,"Management & Fit​",1800,"Juntos por el Cambio",32.9
2022-09-28,"Management & Fit​",1800,"La Libertad Avanza",8.9
2022-09-28,"Management & Fit​",1800,"Hacemos por Nuestro Pais",NA
2022-09-28,"Management & Fit​",1800,"Frente de Izquierda",5.8
2022-09-28,"Management & Fit​",1800,"Otros - Blanco - Indecisos",20.6
2022-09-26,"Fixer​",1446,"Unión por la Patria",25
2022-09-26,"Fixer​",1446,"Juntos por el Cambio",45
2022-09-26,"Fixer​",1446,"La Libertad Avanza",17
2022-09-26,"Fixer​",1446,"Hacemos por Nuestro Pais",NA
2022-09-26,"Fixer​",1446,"Frente de Izquierda",2
2022-09-26,"Fixer​",1446,"Otros - Blanco - Indecisos",11
2022-09-22,"Opinaia​",2000,"Unión por la Patria",28
2022-09-22,"Opinaia​",2000,"Juntos por el Cambio",28
2022-09-22,"Opinaia​",2000,"La Libertad Avanza",23
2022-09-22,"Opinaia​",2000,"Hacemos por Nuestro Pais",NA
2022-09-22,"Opinaia​",2000,"Frente de Izquierda",3
2022-09-22,"Opinaia​",2000,"Otros - Blanco - Indecisos",18
2022-09-19,"IPD​",1028,"Unión por la Patria",25
2022-09-19,"IPD​",1028,"Juntos por el Cambio",31
2022-09-19,"IPD​",1028,"La Libertad Avanza",19
2022-09-19,"IPD​",1028,"Hacemos por Nuestro Pais",NA
2022-09-19,"IPD​",1028,"Frente de Izquierda",4
2022-09-19,"IPD​",1028,"Otros - Blanco - Indecisos",21
2022-09-17,"Federico González & Asociados​",800,"Unión por la Patria",24.3
2022-09-17,"Federico González & Asociados​",800,"Juntos por el Cambio",32.4
2022-09-17,"Federico González & Asociados​",800,"La Libertad Avanza",17.4
2022-09-17,"Federico González & Asociados​",800,"Hacemos por Nuestro Pais",NA
2022-09-17,"Federico González & Asociados​",800,"Frente de Izquierda",3.5
2022-09-17,"Federico González & Asociados​",800,"Otros - Blanco - Indecisos",18.8
2022-09-17,"PGD Consultores​",1600,"Unión por la Patria",26
2022-09-17,"PGD Consultores​",1600,"Juntos por el Cambio",33
2022-09-17,"PGD Consultores​",1600,"La Libertad Avanza",16
2022-09-17,"PGD Consultores​",1600,"Hacemos por Nuestro Pais",NA
2022-09-17,"PGD Consultores​",1600,"Frente de Izquierda",NA
2022-09-17,"PGD Consultores​",1600,"Otros - Blanco - Indecisos",25
2022-09-15,"Opina Argentina​",1000,"Unión por la Patria",25
2022-09-15,"Opina Argentina​",1000,"Juntos por el Cambio",32
2022-09-15,"Opina Argentina​",1000,"La Libertad Avanza",18
2022-09-15,"Opina Argentina​",1000,"Hacemos por Nuestro Pais",NA
2022-09-15,"Opina Argentina​",1000,"Frente de Izquierda",3
2022-09-15,"Opina Argentina​",1000,"Otros - Blanco - Indecisos",22
2022-09-14,"Ricardo Rouvier & Asociados​",1200,"Unión por la Patria",29.6
2022-09-14,"Ricardo Rouvier & Asociados​",1200,"Juntos por el Cambio",32.4
2022-09-14,"Ricardo Rouvier & Asociados​",1200,"La Libertad Avanza",20.1
2022-09-14,"Ricardo Rouvier & Asociados​",1200,"Hacemos por Nuestro Pais",NA
2022-09-14,"Ricardo Rouvier & Asociados​",1200,"Frente de Izquierda",4.6
2022-09-14,"Ricardo Rouvier & Asociados​",1200,"Otros - Blanco - Indecisos",13.3
2022-09-07,"Zuban Córdoba & Asociados​",1200,"Unión por la Patria",25.9
2022-09-07,"Zuban Córdoba & Asociados​",1200,"Juntos por el Cambio",33.5
2022-09-07,"Zuban Córdoba & Asociados​",1200,"La Libertad Avanza",24.6
2022-09-07,"Zuban Córdoba & Asociados​",1200,"Hacemos por Nuestro Pais",NA
2022-09-07,"Zuban Córdoba & Asociados​",1200,"Frente de Izquierda",2.5
2022-09-07,"Zuban Córdoba & Asociados​",1200,"Otros - Blanco - Indecisos",13.5
2022-09-03,"GOP y Trespuntozero​",1650,"Unión por la Patria",30.5
2022-09-03,"GOP y Trespuntozero​",1650,"Juntos por el Cambio",39.1
2022-09-03,"GOP y Trespuntozero​",1650,"La Libertad Avanza",21.8
2022-09-03,"GOP y Trespuntozero​",1650,"Hacemos por Nuestro Pais",NA
2022-09-03,"GOP y Trespuntozero​",1650,"Frente de Izquierda",0.9
2022-09-03,"GOP y Trespuntozero​",1650,"Otros - Blanco - Indecisos",7.7
2022-08-24,"Opinaia​",2000,"Unión por la Patria",28
2022-08-24,"Opinaia​",2000,"Juntos por el Cambio",30
2022-08-24,"Opinaia​",2000,"La Libertad Avanza",20
2022-08-24,"Opinaia​",2000,"Hacemos por Nuestro Pais",NA
2022-08-24,"Opinaia​",2000,"Frente de Izquierda",2
2022-08-24,"Opinaia​",2000,"Otros - Blanco - Indecisos",20
2022-08-22,"Escenarios​",2224,"Unión por la Patria",19
2022-08-22,"Escenarios​",2224,"Juntos por el Cambio",36.3
2022-08-22,"Escenarios​",2224,"La Libertad Avanza",13.4
2022-08-22,"Escenarios​",2224,"Hacemos por Nuestro Pais",NA
2022-08-22,"Escenarios​",2224,"Frente de Izquierda",1.3
2022-08-22,"Escenarios​",2224,"Otros - Blanco - Indecisos",30.1
2022-08-15,"Synopsis​",1388,"Unión por la Patria",24.4
2022-08-15,"Synopsis​",1388,"Juntos por el Cambio",36.4
2022-08-15,"Synopsis​",1388,"La Libertad Avanza",19.4
2022-08-15,"Synopsis​",1388,"Hacemos por Nuestro Pais",NA
2022-08-15,"Synopsis​",1388,"Frente de Izquierda",4.9
2022-08-15,"Synopsis​",1388,"Otros - Blanco - Indecisos",14.9
2022-08-13,"Ricardo Rouvier & Asociados​",1200,"Unión por la Patria",27.9
2022-08-13,"Ricardo Rouvier & Asociados​",1200,"Juntos por el Cambio",32.9
2022-08-13,"Ricardo Rouvier & Asociados​",1200,"La Libertad Avanza",23.1
2022-08-13,"Ricardo Rouvier & Asociados​",1200,"Hacemos por Nuestro Pais",NA
2022-08-13,"Ricardo Rouvier & Asociados​",1200,"Frente de Izquierda",3.5
2022-08-13,"Ricardo Rouvier & Asociados​",1200,"Otros - Blanco - Indecisos",12.6
2022-08-10,"PGD Consultores​",1500,"Unión por la Patria",27
2022-08-10,"PGD Consultores​",1500,"Juntos por el Cambio",35
2022-08-10,"PGD Consultores​",1500,"La Libertad Avanza",18
2022-08-10,"PGD Consultores​",1500,"Hacemos por Nuestro Pais",NA
2022-08-10,"PGD Consultores​",1500,"Frente de Izquierda",5
2022-08-10,"PGD Consultores​",1500,"Otros - Blanco - Indecisos",15
2022-07-30,"Giacobbe & Asociados​",3000,"Unión por la Patria",17.8
2022-07-30,"Giacobbe & Asociados​",3000,"Juntos por el Cambio",34.9
2022-07-30,"Giacobbe & Asociados​",3000,"La Libertad Avanza",20.2
2022-07-30,"Giacobbe & Asociados​",3000,"Hacemos por Nuestro Pais",NA
2022-07-30,"Giacobbe & Asociados​",3000,"Frente de Izquierda",NA
2022-07-30,"Giacobbe & Asociados​",3000,"Otros - Blanco - Indecisos",24.1
2022-07-28,"CB Consultora​",3075,"Unión por la Patria",24.1
2022-07-28,"CB Consultora​",3075,"Juntos por el Cambio",34.5
2022-07-28,"CB Consultora​",3075,"La Libertad Avanza",14.5
2022-07-28,"CB Consultora​",3075,"Hacemos por Nuestro Pais",NA
2022-07-28,"CB Consultora​",3075,"Frente de Izquierda",NA
2022-07-28,"CB Consultora​",3075,"Otros - Blanco - Indecisos",26.9
2022-07-26,"Zuban Córdoba & Asociados​",1300,"Unión por la Patria",28.7
2022-07-26,"Zuban Córdoba & Asociados​",1300,"Juntos por el Cambio",34.6
2022-07-26,"Zuban Córdoba & Asociados​",1300,"La Libertad Avanza",21
2022-07-26,"Zuban Córdoba & Asociados​",1300,"Hacemos por Nuestro Pais",NA
2022-07-26,"Zuban Córdoba & Asociados​",1300,"Frente de Izquierda",4.3
2022-07-26,"Zuban Córdoba & Asociados​",1300,"Otros - Blanco - Indecisos",11.4
2022-07-26,"Opinaia​",2400,"Unión por la Patria",27
2022-07-26,"Opinaia​",2400,"Juntos por el Cambio",30
2022-07-26,"Opinaia​",2400,"La Libertad Avanza",18
2022-07-26,"Opinaia​",2400,"Hacemos por Nuestro Pais",NA
2022-07-26,"Opinaia​",2400,"Frente de Izquierda",3
2022-07-26,"Opinaia​",2400,"Otros - Blanco - Indecisos",22
2022-07-22,"CIGP​",1860,"Unión por la Patria",21
2022-07-22,"CIGP​",1860,"Juntos por el Cambio",29.3
2022-07-22,"CIGP​",1860,"La Libertad Avanza",13.6
2022-07-22,"CIGP​",1860,"Hacemos por Nuestro Pais",NA
2022-07-22,"CIGP​",1860,"Frente de Izquierda",3
2022-07-22,"CIGP​",1860,"Otros - Blanco - Indecisos",32.99
2022-07-18,"Solmoirago​",1800,"Unión por la Patria",26
2022-07-18,"Solmoirago​",1800,"Juntos por el Cambio",41.1
2022-07-18,"Solmoirago​",1800,"La Libertad Avanza",15.7
2022-07-18,"Solmoirago​",1800,"Hacemos por Nuestro Pais",NA
2022-07-18,"Solmoirago​",1800,"Frente de Izquierda",1.4
2022-07-18,"Solmoirago​",1800,"Otros - Blanco - Indecisos",15.8
2022-07-12,"Reale Dalla Torre​",1185,"Unión por la Patria",31.3
2022-07-12,"Reale Dalla Torre​",1185,"Juntos por el Cambio",40.3
2022-07-12,"Reale Dalla Torre​",1185,"La Libertad Avanza",18.7
2022-07-12,"Reale Dalla Torre​",1185,"Hacemos por Nuestro Pais",NA
2022-07-12,"Reale Dalla Torre​",1185,"Frente de Izquierda",5.1
2022-07-12,"Reale Dalla Torre​",1185,"Otros - Blanco - Indecisos",4.6
2022-07-12,"Ricardo Rouvier & Asociados​",1200,"Unión por la Patria",28.6
2022-07-12,"Ricardo Rouvier & Asociados​",1200,"Juntos por el Cambio",32.1
2022-07-12,"Ricardo Rouvier & Asociados​",1200,"La Libertad Avanza",22.8
2022-07-12,"Ricardo Rouvier & Asociados​",1200,"Hacemos por Nuestro Pais",NA
2022-07-12,"Ricardo Rouvier & Asociados​",1200,"Frente de Izquierda",3
2022-07-12,"Ricardo Rouvier & Asociados​",1200,"Otros - Blanco - Indecisos",13.5
2022-07-11,"Synopsis​",1330,"Unión por la Patria",21.2
2022-07-11,"Synopsis​",1330,"Juntos por el Cambio",38.5
2022-07-11,"Synopsis​",1330,"La Libertad Avanza",18.2
2022-07-11,"Synopsis​",1330,"Hacemos por Nuestro Pais",NA
2022-07-11,"Synopsis​",1330,"Frente de Izquierda",4.4
2022-07-11,"Synopsis​",1330,"Otros - Blanco - Indecisos",17.7
2022-06-14,"Opina Argentina​",1000,"Unión por la Patria",26
2022-06-14,"Opina Argentina​",1000,"Juntos por el Cambio",34
2022-06-14,"Opina Argentina​",1000,"La Libertad Avanza",18
2022-06-14,"Opina Argentina​",1000,"Hacemos por Nuestro Pais",NA
2022-06-14,"Opina Argentina​",1000,"Frente de Izquierda",5
2022-06-14,"Opina Argentina​",1000,"Otros - Blanco - Indecisos",18
2022-06-29,"Zuban Córdoba & Asociados​",1600,"Unión por la Patria",28.6
2022-06-29,"Zuban Córdoba & Asociados​",1600,"Juntos por el Cambio",34.7
2022-06-29,"Zuban Córdoba & Asociados​",1600,"La Libertad Avanza",16.4
2022-06-29,"Zuban Córdoba & Asociados​",1600,"Hacemos por Nuestro Pais",NA
2022-06-29,"Zuban Córdoba & Asociados​",1600,"Frente de Izquierda",3.8
2022-06-29,"Zuban Córdoba & Asociados​",1600,"Otros - Blanco - Indecisos",16.2
2022-06-28,"Opinaia​",2400,"Unión por la Patria",26
2022-06-28,"Opinaia​",2400,"Juntos por el Cambio",32
2022-06-28,"Opinaia​",2400,"La Libertad Avanza",19
2022-06-28,"Opinaia​",2400,"Hacemos por Nuestro Pais",NA
2022-06-28,"Opinaia​",2400,"Frente de Izquierda",3
2022-06-28,"Opinaia​",2400,"Otros - Blanco - Indecisos",20
2022-06-23,"Analogías​",1200,"Unión por la Patria",31.6
2022-06-23,"Analogías​",1200,"Juntos por el Cambio",41.4
2022-06-23,"Analogías​",1200,"La Libertad Avanza",11.6
2022-06-23,"Analogías​",1200,"Hacemos por Nuestro Pais",NA
2022-06-23,"Analogías​",1200,"Frente de Izquierda",3.6
2022-06-23,"Analogías​",1200,"Otros - Blanco - Indecisos",11.7
2022-06-22,"CB Consultora​",2959,"Unión por la Patria",27.9
2022-06-22,"CB Consultora​",2959,"Juntos por el Cambio",34.9
2022-06-22,"CB Consultora​",2959,"La Libertad Avanza",16.6
2022-06-22,"CB Consultora​",2959,"Hacemos por Nuestro Pais",NA
2022-06-22,"CB Consultora​",2959,"Frente de Izquierda",2
2022-06-22,"CB Consultora​",2959,"Otros - Blanco - Indecisos",18.5
2022-06-20,"Fixer​",NA,"Unión por la Patria",31
2022-06-20,"Fixer​",NA,"Juntos por el Cambio",45
2022-06-20,"Fixer​",NA,"La Libertad Avanza",13
2022-06-20,"Fixer​",NA,"Hacemos por Nuestro Pais",NA
2022-06-20,"Fixer​",NA,"Frente de Izquierda",1
2022-06-20,"Fixer​",NA,"Otros - Blanco - Indecisos",10
2022-06-13,"Synopsis​",1569,"Unión por la Patria",22.4
2022-06-13,"Synopsis​",1569,"Juntos por el Cambio",36
2022-06-13,"Synopsis​",1569,"La Libertad Avanza",17.6
2022-06-13,"Synopsis​",1569,"Hacemos por Nuestro Pais",NA
2022-06-13,"Synopsis​",1569,"Frente de Izquierda",4.8
2022-06-13,"Synopsis​",1569,"Otros - Blanco - Indecisos",19.2
2022-06-12,"Raúl Aragón & Asociados​",NA,"Unión por la Patria",31.4
2022-06-12,"Raúl Aragón & Asociados​",NA,"Juntos por el Cambio",44.4
2022-06-12,"Raúl Aragón & Asociados​",NA,"La Libertad Avanza",13.1
2022-06-12,"Raúl Aragón & Asociados​",NA,"Hacemos por Nuestro Pais",NA
2022-06-12,"Raúl Aragón & Asociados​",NA,"Frente de Izquierda",1.3
2022-06-12,"Raúl Aragón & Asociados​",NA,"Otros - Blanco - Indecisos",9.8
2022-06-10,"CIGP​",1800,"Unión por la Patria",19.7
2022-06-10,"CIGP​",1800,"Juntos por el Cambio",29.7
2022-06-10,"CIGP​",1800,"La Libertad Avanza",14.3
2022-06-10,"CIGP​",1800,"Hacemos por Nuestro Pais",NA
2022-06-10,"CIGP​",1800,"Frente de Izquierda",3
2022-06-10,"CIGP​",1800,"Otros - Blanco - Indecisos",33.4
2022-06-01,"PGD Consultores​",2500,"Unión por la Patria",28
2022-06-01,"PGD Consultores​",2500,"Juntos por el Cambio",33
2022-06-01,"PGD Consultores​",2500,"La Libertad Avanza",19
2022-06-01,"PGD Consultores​",2500,"Hacemos por Nuestro Pais",NA
2022-06-01,"PGD Consultores​",2500,"Frente de Izquierda",4
2022-06-01,"PGD Consultores​",2500,"Otros - Blanco - Indecisos",16
2022-05-31,"Zuban Córdoba & Asociados​",2000,"Unión por la Patria",27.8
2022-05-31,"Zuban Córdoba & Asociados​",2000,"Juntos por el Cambio",30.6
2022-05-31,"Zuban Córdoba & Asociados​",2000,"La Libertad Avanza",20.2
2022-05-31,"Zuban Córdoba & Asociados​",2000,"Hacemos por Nuestro Pais",NA
2022-05-31,"Zuban Córdoba & Asociados​",2000,"Frente de Izquierda",2
2022-05-31,"Zuban Córdoba & Asociados​",2000,"Otros - Blanco - Indecisos",16.8
2022-05-30,"Fixer​",1162,"Unión por la Patria",30
2022-05-30,"Fixer​",1162,"Juntos por el Cambio",39
2022-05-30,"Fixer​",1162,"La Libertad Avanza",18
2022-05-30,"Fixer​",1162,"Hacemos por Nuestro Pais",NA
2022-05-30,"Fixer​",1162,"Frente de Izquierda",2
2022-05-30,"Fixer​",1162,"Otros - Blanco - Indecisos",11
2022-05-26,"Opinaia​",2400,"Unión por la Patria",26
2022-05-26,"Opinaia​",2400,"Juntos por el Cambio",28
2022-05-26,"Opinaia​",2400,"La Libertad Avanza",23
2022-05-26,"Opinaia​",2400,"Hacemos por Nuestro Pais",NA
2022-05-26,"Opinaia​",2400,"Frente de Izquierda",3
2022-05-26,"Opinaia​",2400,"Otros - Blanco - Indecisos",20
2022-05-24,"Management & Fit​",1340,"Unión por la Patria",32.7
2022-05-24,"Management & Fit​",1340,"Juntos por el Cambio",33.2
2022-05-24,"Management & Fit​",1340,"La Libertad Avanza",15.4
2022-05-24,"Management & Fit​",1340,"Hacemos por Nuestro Pais",NA
2022-05-24,"Management & Fit​",1340,"Frente de Izquierda",7.1
2022-05-24,"Management & Fit​",1340,"Otros - Blanco - Indecisos",11.6
2022-05-21,"Opina Argentina​",1200,"Unión por la Patria",29
2022-05-21,"Opina Argentina​",1200,"Juntos por el Cambio",32
2022-05-21,"Opina Argentina​",1200,"La Libertad Avanza",18
2022-05-21,"Opina Argentina​",1200,"Hacemos por Nuestro Pais",NA
2022-05-21,"Opina Argentina​",1200,"Frente de Izquierda",2
2022-05-21,"Opina Argentina​",1200,"Otros - Blanco - Indecisos",20
2022-05-16,"Raúl Aragón & Asociados​",NA,"Unión por la Patria",29.2
2022-05-16,"Raúl Aragón & Asociados​",NA,"Juntos por el Cambio",44.8
2022-05-16,"Raúl Aragón & Asociados​",NA,"La Libertad Avanza",18.3
2022-05-16,"Raúl Aragón & Asociados​",NA,"Hacemos por Nuestro Pais",NA
2022-05-16,"Raúl Aragón & Asociados​",NA,"Frente de Izquierda",0.3
2022-05-16,"Raúl Aragón & Asociados​",NA,"Otros - Blanco - Indecisos",5.3
2022-05-08,"Synopsis​",1467,"Unión por la Patria",23.4
2022-05-08,"Synopsis​",1467,"Juntos por el Cambio",34.6
2022-05-08,"Synopsis​",1467,"La Libertad Avanza",19.1
2022-05-08,"Synopsis​",1467,"Hacemos por Nuestro Pais",NA
2022-05-08,"Synopsis​",1467,"Frente de Izquierda",5.1
2022-05-08,"Synopsis​",1467,"Otros - Blanco - Indecisos",17.8
2022-05-06,"GOP y Trespuntozero​",1800,"Unión por la Patria",34.1
2022-05-06,"GOP y Trespuntozero​",1800,"Juntos por el Cambio",29.6
2022-05-06,"GOP y Trespuntozero​",1800,"La Libertad Avanza",20.3
2022-05-06,"GOP y Trespuntozero​",1800,"Hacemos por Nuestro Pais",NA
2022-05-06,"GOP y Trespuntozero​",1800,"Frente de Izquierda",0.6
2022-05-06,"GOP y Trespuntozero​",1800,"Otros - Blanco - Indecisos",15.4
2022-05-06,"GOP y Trespuntozero​",1800,"Unión por la Patria",34.9
2022-05-06,"GOP y Trespuntozero​",1800,"Juntos por el Cambio",30.3
2022-05-06,"GOP y Trespuntozero​",1800,"La Libertad Avanza",19.9
2022-05-06,"GOP y Trespuntozero​",1800,"Hacemos por Nuestro Pais",NA
2022-05-06,"GOP y Trespuntozero​",1800,"Frente de Izquierda",0.3
2022-05-06,"GOP y Trespuntozero​",1800,"Otros - Blanco - Indecisos",14.6
2022-04-14,"Aresco​",2490,"Unión por la Patria",31.8
2022-04-14,"Aresco​",2490,"Juntos por el Cambio",34.6
2022-04-14,"Aresco​",2490,"La Libertad Avanza",20.7
2022-04-14,"Aresco​",2490,"Hacemos por Nuestro Pais",NA
2022-04-14,"Aresco​",2490,"Frente de Izquierda",3.9
2022-04-14,"Aresco​",2490,"Otros - Blanco - Indecisos",9
2022-04-27,"Zuban Córdoba & Asociados​",2000,"Unión por la Patria",23.9
2022-04-27,"Zuban Córdoba & Asociados​",2000,"Juntos por el Cambio",28.2
2022-04-27,"Zuban Córdoba & Asociados​",2000,"La Libertad Avanza",20.6
2022-04-27,"Zuban Córdoba & Asociados​",2000,"Hacemos por Nuestro Pais",NA
2022-04-27,"Zuban Córdoba & Asociados​",2000,"Frente de Izquierda",NA
2022-04-27,"Zuban Córdoba & Asociados​",2000,"Otros - Blanco - Indecisos",27.3
2022-04-27,"Management & Fit​",2200,"Unión por la Patria",27.3
2022-04-27,"Management & Fit​",2200,"Juntos por el Cambio",26.6
2022-04-27,"Management & Fit​",2200,"La Libertad Avanza",22.8
2022-04-27,"Management & Fit​",2200,"Hacemos por Nuestro Pais",NA
2022-04-27,"Management & Fit​",2200,"Frente de Izquierda",3.1
2022-04-27,"Management & Fit​",2200,"Otros - Blanco - Indecisos",20.1
2022-04-18,"Solmoirago​",1300,"Unión por la Patria",24
2022-04-18,"Solmoirago​",1300,"Juntos por el Cambio",31.6
2022-04-18,"Solmoirago​",1300,"La Libertad Avanza",12.5
2022-04-18,"Solmoirago​",1300,"Hacemos por Nuestro Pais",NA
2022-04-18,"Solmoirago​",1300,"Frente de Izquierda",NA
2022-04-18,"Solmoirago​",1300,"Otros - Blanco - Indecisos",23
2022-04-15,"Raúl Aragón & Asociados​",1500,"Unión por la Patria",34.1
2022-04-15,"Raúl Aragón & Asociados​",1500,"Juntos por el Cambio",38.1
2022-04-15,"Raúl Aragón & Asociados​",1500,"La Libertad Avanza",18.8
2022-04-15,"Raúl Aragón & Asociados​",1500,"Hacemos por Nuestro Pais",NA
2022-04-15,"Raúl Aragón & Asociados​",1500,"Frente de Izquierda",2.2
2022-04-15,"Raúl Aragón & Asociados​",1500,"Otros - Blanco - Indecisos",21.6
2022-04-14,"Opina Argentina​",1000,"Unión por la Patria",24
2022-04-14,"Opina Argentina​",1000,"Juntos por el Cambio",32
2022-04-14,"Opina Argentina​",1000,"La Libertad Avanza",21
2022-04-14,"Opina Argentina​",1000,"Hacemos por Nuestro Pais",NA
2022-04-14,"Opina Argentina​",1000,"Frente de Izquierda",6
2022-04-14,"Opina Argentina​",1000,"Otros - Blanco - Indecisos",17
2022-04-04,"Synopsis​",1000,"Unión por la Patria",23.4
2022-04-04,"Synopsis​",1000,"Juntos por el Cambio",33.8
2022-04-04,"Synopsis​",1000,"La Libertad Avanza",18.4
2022-04-04,"Synopsis​",1000,"Hacemos por Nuestro Pais",NA
2022-04-04,"Synopsis​",1000,"Frente de Izquierda",3.3
2022-04-04,"Synopsis​",1000,"Otros - Blanco - Indecisos",21.1
2022-04-02,"Circuitos​",1382,"Unión por la Patria",29.3
2022-04-02,"Circuitos​",1382,"Juntos por el Cambio",32.3
2022-04-02,"Circuitos​",1382,"La Libertad Avanza",18.3
2022-04-02,"Circuitos​",1382,"Hacemos por Nuestro Pais",NA
2022-04-02,"Circuitos​",1382,"Frente de Izquierda",3.7
2022-04-02,"Circuitos​",1382,"Otros - Blanco - Indecisos",16.4
2022-03-29,"Fixer​",2112,"Unión por la Patria",33
2022-03-29,"Fixer​",2112,"Juntos por el Cambio",41
2022-03-29,"Fixer​",2112,"La Libertad Avanza",15
2022-03-29,"Fixer​",2112,"Hacemos por Nuestro Pais",NA
2022-03-29,"Fixer​",2112,"Frente de Izquierda",3
2022-03-29,"Fixer​",2112,"Otros - Blanco - Indecisos",10
2022-03-22,"Opinaia​",2400,"Unión por la Patria",31
2022-03-22,"Opinaia​",2400,"Juntos por el Cambio",30
2022-03-22,"Opinaia​",2400,"La Libertad Avanza",20
2022-03-22,"Opinaia​",2400,"Hacemos por Nuestro Pais",NA
2022-03-22,"Opinaia​",2400,"Frente de Izquierda",3
2022-03-22,"Opinaia​",2400,"Otros - Blanco - Indecisos",16
2022-03-14,"Zuban Córdoba & Asociados​",1300,"Unión por la Patria",28.7
2022-03-14,"Zuban Córdoba & Asociados​",1300,"Juntos por el Cambio",37
2022-03-14,"Zuban Córdoba & Asociados​",1300,"La Libertad Avanza",18.5
2022-03-14,"Zuban Córdoba & Asociados​",1300,"Hacemos por Nuestro Pais",NA
2022-03-14,"Zuban Córdoba & Asociados​",1300,"Frente de Izquierda",1.1
2022-03-14,"Zuban Córdoba & Asociados​",1300,"Otros - Blanco - Indecisos",19
2022-03-08,"Opina Argentina​",1000,"Unión por la Patria",26
2022-03-08,"Opina Argentina​",1000,"Juntos por el Cambio",30
2022-03-08,"Opina Argentina​",1000,"La Libertad Avanza",18
2022-03-08,"Opina Argentina​",1000,"Hacemos por Nuestro Pais",NA
2022-03-08,"Opina Argentina​",1000,"Frente de Izquierda",4
2022-03-08,"Opina Argentina​",1000,"Otros - Blanco - Indecisos",23
2022-02-25,"CB Consultora​",2080,"Unión por la Patria",22.3
2022-02-25,"CB Consultora​",2080,"Juntos por el Cambio",29.2
2022-02-25,"CB Consultora​",2080,"La Libertad Avanza",9.5
2022-02-25,"CB Consultora​",2080,"Hacemos por Nuestro Pais",NA
2022-02-25,"CB Consultora​",2080,"Frente de Izquierda",2.7
2022-02-25,"CB Consultora​",2080,"Otros - Blanco - Indecisos",36.3
2022-02-04,"GOP y Trespuntozero​",1900,"Unión por la Patria",33.1
2022-02-04,"GOP y Trespuntozero​",1900,"Juntos por el Cambio",34.3
2022-02-04,"GOP y Trespuntozero​",1900,"La Libertad Avanza",14.6
2022-02-04,"GOP y Trespuntozero​",1900,"Hacemos por Nuestro Pais",NA
2022-02-04,"GOP y Trespuntozero​",1900,"Frente de Izquierda",1.1
2022-02-04,"GOP y Trespuntozero​",1900,"Otros - Blanco - Indecisos",16.9
2022-01-29,"Solmoirago​",2050,"Unión por la Patria",28.2
2022-01-29,"Solmoirago​",2050,"Juntos por el Cambio",34.3
2022-01-29,"Solmoirago​",2050,"La Libertad Avanza",11.1
2022-01-29,"Solmoirago​",2050,"Hacemos por Nuestro Pais",NA
2022-01-29,"Solmoirago​",2050,"Frente de Izquierda",2.3
2022-01-29,"Solmoirago​",2050,"Otros - Blanco - Indecisos",24.1
2022-01-28,"Opinaia​",2400,"Unión por la Patria",32
2022-01-28,"Opinaia​",2400,"Juntos por el Cambio",32
2022-01-28,"Opinaia​",2400,"La Libertad Avanza",17
2022-01-28,"Opinaia​",2400,"Hacemos por Nuestro Pais",NA
2022-01-28,"Opinaia​",2400,"Frente de Izquierda",4
2022-01-28,"Opinaia​",2400,"Otros - Blanco - Indecisos",15
2022-01-05,"Opina Argentina​",1200,"Unión por la Patria",29
2022-01-05,"Opina Argentina​",1200,"Juntos por el Cambio",34
2022-01-05,"Opina Argentina​",1200,"La Libertad Avanza",15
2022-01-05,"Opina Argentina​",1200,"Hacemos por Nuestro Pais",NA
2022-01-05,"Opina Argentina​",1200,"Frente de Izquierda",2
2022-01-05,"Opina Argentina​",1200,"Otros - Blanco - Indecisos",21
2022-01-05,"Trespuntozero​",1800,"Unión por la Patria",31.6
2022-01-05,"Trespuntozero​",1800,"Juntos por el Cambio",21.4
2022-01-05,"Trespuntozero​",1800,"La Libertad Avanza",9.5
2022-01-05,"Trespuntozero​",1800,"Hacemos por Nuestro Pais",NA
2022-01-05,"Trespuntozero​",1800,"Frente de Izquierda",1.3
2022-01-05,"Trespuntozero​",1800,"Otros - Blanco - Indecisos",36.2
2021-12-21,"Opinaia​",2400,"Unión por la Patria",34
2021-12-21,"Opinaia​",2400,"Juntos por el Cambio",34
2021-12-21,"Opinaia​",2400,"La Libertad Avanza",16
2021-12-21,"Opinaia​",2400,"Hacemos por Nuestro Pais",NA
2021-12-21,"Opinaia​",2400,"Frente de Izquierda",4
2021-12-21,"Opinaia​",2400,"Otros - Blanco - Indecisos",19
2021-12-20,"CB Consultora​",1511,"Unión por la Patria",25.6
2021-12-20,"CB Consultora​",1511,"Juntos por el Cambio",34.8
2021-12-20,"CB Consultora​",1511,"La Libertad Avanza",8.9
2021-12-20,"CB Consultora​",1511,"Hacemos por Nuestro Pais",NA
2021-12-20,"CB Consultora​",1511,"Frente de Izquierda",3.4
2021-12-20,"CB Consultora​",1511,"Otros - Blanco - Indecisos",27.3
2021-11-17,"CB Consultora​",1575,"Unión por la Patria",28.9
2021-11-17,"CB Consultora​",1575,"Juntos por el Cambio",40.7
2021-11-17,"CB Consultora​",1575,"La Libertad Avanza",7.2
2021-11-17,"CB Consultora​",1575,"Hacemos por Nuestro Pais",NA
2021-11-17,"CB Consultora​",1575,"Frente de Izquierda",3.8
2021-11-17,"CB Consultora​",1575,"Otros - Blanco - Indecisos",19.4
2021-10-30,"Management & Fit​",2200,"Unión por la Patria",23.2
2021-10-30,"Management & Fit​",2200,"Juntos por el Cambio",33.4
2021-10-30,"Management & Fit​",2200,"La Libertad Avanza",11.4
2021-10-30,"Management & Fit​",2200,"Hacemos por Nuestro Pais",NA
2021-10-30,"Management & Fit​",2200,"Frente de Izquierda",4.8
2021-10-30,"Management & Fit​",2200,"Otros - Blanco - Indecisos",26.9
2021-10-25,"UdeSA​",1007,"Unión por la Patria",23
2021-10-25,"UdeSA​",1007,"Juntos por el Cambio",29
2021-10-25,"UdeSA​",1007,"La Libertad Avanza",5
2021-10-25,"UdeSA​",1007,"Hacemos por Nuestro Pais",NA
2021-10-25,"UdeSA​",1007,"Frente de Izquierda",5
2021-10-25,"UdeSA​",1007,"Otros - Blanco - Indecisos",38
2021-09-27,"Zuban Córdoba & Asociados​",2400,"Unión por la Patria",29.9
2021-09-27,"Zuban Córdoba & Asociados​",2400,"Juntos por el Cambio",41.4
2021-09-27,"Zuban Córdoba & Asociados​",2400,"La Libertad Avanza",4.2
2021-09-27,"Zuban Córdoba & Asociados​",2400,"Hacemos por Nuestro Pais",NA
2021-09-27,"Zuban Córdoba & Asociados​",2400,"Frente de Izquierda",5.4
2021-09-27,"Zuban Córdoba & Asociados​",2400,"Otros - Blanco - Indecisos",19.1
2021-09-20,"Trespuntozero​",1000,"Unión por la Patria",29.9
2021-09-20,"Trespuntozero​",1000,"Juntos por el Cambio",41.6
2021-09-20,"Trespuntozero​",1000,"La Libertad Avanza",11.3
2021-09-20,"Trespuntozero​",1000,"Hacemos por Nuestro Pais",NA
2021-09-20,"Trespuntozero​",1000,"Frente de Izquierda",4.6
2021-09-20,"Trespuntozero​",1000,"Otros - Blanco - Indecisos",12.6
